"";"from";"to";"value"
"321";"321";"1";1
"486";"486";"1";1
"1062";"24";"2";1
"1116";"78";"2";1
"1720";"682";"2";1
"2522";"446";"3";1
"3309";"195";"4";1
"3943";"829";"4";1
"4410";"258";"5";1
"4581";"429";"5";1
"5217";"27";"6";1
"5253";"63";"6";1
"5373";"183";"6";1
"5634";"444";"6";1
"6132";"942";"6";1
"6442";"214";"7";1
"6512";"284";"7";1
"7356";"90";"8";1
"7398";"132";"8";1
"7611";"345";"8";1
"7692";"426";"8";1
"7825";"559";"8";1
"9822";"480";"10";1
"9830";"488";"10";1
"10140";"798";"10";1
"11562";"144";"12";1
"11700";"282";"12";1
"11817";"399";"12";1
"12049";"631";"12";1
"12289";"871";"12";1
"12385";"967";"12";1
"12978";"522";"13";1
"13052";"596";"13";1
"13132";"676";"13";1
"13136";"680";"13";1
"13392";"936";"13";1
"13770";"276";"14";1
"13854";"360";"14";1
"14164";"670";"14";1
"14433";"939";"14";1
"14935";"403";"15";1
"15379";"847";"15";1
"15708";"138";"16";1
"16038";"468";"16";1
"16362";"792";"16";1
"16774";"166";"17";1
"16994";"386";"17";1
"17024";"416";"17";1
"17176";"568";"17";1
"17322";"714";"17";1
"17716";"70";"18";1
"17912";"266";"18";1
"18724";"40";"19";1
"18843";"159";"19";1
"18923";"239";"19";1
"18949";"265";"19";1
"19285";"601";"19";1
"19638";"954";"19";1
"20043";"321";"20";1
"20173";"451";"20";1
"21647";"887";"21";1
"23273";"437";"23";1
"23502";"666";"23";1
"23504";"668";"23";1
"23876";"2";"24";1
"23952";"78";"24";1
"25507";"595";"25";1
"25822";"910";"25";1
"26006";"56";"26";1
"26077";"127";"26";1
"26477";"527";"26";1
"26791";"841";"26";1
"26846";"896";"26";1
"26927";"977";"26";1
"27601";"613";"27";1
"27727";"739";"27";1
"27760";"772";"27";1
"27918";"930";"27";1
"27997";"1009";"27";1
"28227";"201";"28";1
"28434";"408";"28";1
"28444";"418";"28";1
"28598";"572";"28";1
"28820";"794";"28";1
"29432";"368";"29";1
"29675";"611";"29";1
"30091";"1027";"29";1
"30277";"175";"30";1
"30343";"241";"30";1
"30439";"337";"30";1
"30631";"529";"30";1
"30971";"869";"30";1
"30979";"877";"30";1
"31026";"924";"30";1
"31037";"935";"30";1
"31517";"377";"31";1
"32044";"904";"31";1
"32672";"494";"32";1
"33036";"858";"32";1
"33837";"621";"33";1
"34335";"81";"34";1
"34536";"282";"34";1
"34710";"456";"34";1
"34831";"577";"34";1
"35785";"493";"35";1
"35805";"513";"35";1
"35827";"535";"35";1
"35846";"554";"35";1
"36143";"851";"35";1
"36291";"999";"35";1
"36766";"436";"36";1
"36970";"640";"36";1
"37136";"806";"36";1
"37577";"209";"37";1
"37661";"293";"37";1
"38005";"637";"37";1
"38138";"770";"37";1
"38160";"792";"37";1
"38205";"837";"37";1
"38260";"892";"37";1
"38319";"951";"37";1
"38583";"177";"38";1
"38714";"308";"38";1
"38967";"561";"38";1
"39014";"608";"38";1
"39122";"716";"38";1
"39149";"743";"38";1
"39648";"204";"39";1
"40075";"631";"39";1
"40197";"753";"39";1
"40244";"800";"39";1
"40361";"917";"39";1
"40411";"967";"39";1
"40457";"1013";"39";1
"40501";"19";"40";1
"40717";"235";"40";1
"40807";"325";"40";1
"40998";"516";"40";1
"41136";"654";"40";1
"41203";"721";"40";1
"41251";"769";"40";1
"41436";"954";"40";1
"41734";"214";"41";1
"41944";"424";"41";1
"41969";"449";"41";1
"42273";"753";"41";1
"43212";"654";"42";1
"43418";"860";"42";1
"44724";"90";"44";1
"45059";"425";"44";1
"45877";"205";"45";1
"45971";"299";"45";1
"46199";"527";"45";1
"46769";"59";"46";1
"46787";"77";"46";1
"47183";"473";"46";1
"47291";"581";"46";1
"47301";"591";"46";1
"47406";"696";"46";1
"48115";"367";"47";1
"48359";"611";"47";1
"49063";"277";"48";1
"49304";"518";"48";1
"49420";"634";"48";1
"49491";"705";"48";1
"50101";"277";"49";1
"50110";"286";"49";1
"50936";"74";"50";1
"51107";"245";"50";1
"51418";"556";"50";1
"51625";"763";"50";1
"52397";"497";"51";1
"52480";"580";"51";1
"52549";"649";"51";1
"53265";"327";"52";1
"53284";"346";"52";1
"53750";"812";"52";1
"53957";"1019";"52";1
"54423";"447";"53";1
"54892";"916";"53";1
"55446";"432";"54";1
"55697";"683";"54";1
"55840";"826";"54";1
"56052";"1038";"54";1
"56089";"37";"55";1
"56582";"530";"55";1
"56657";"605";"55";1
"56833";"781";"55";1
"56889";"837";"55";1
"57559";"469";"56";1
"57941";"851";"56";1
"58258";"130";"57";1
"58280";"152";"57";1
"58453";"325";"57";1
"58935";"807";"57";1
"59197";"31";"58";1
"59623";"457";"58";1
"59640";"474";"58";1
"59662";"496";"58";1
"59801";"635";"58";1
"60067";"901";"58";1
"60115";"949";"58";1
"60250";"46";"59";1
"60911";"707";"59";1
"62057";"815";"60";1
"62176";"934";"60";1
"62413";"133";"61";1
"62417";"137";"61";1
"62504";"224";"61";1
"62705";"425";"61";1
"63200";"920";"61";1
"63208";"928";"61";1
"63564";"246";"62";1
"63753";"435";"62";1
"64159";"841";"62";1
"65552";"158";"64";1
"65998";"604";"64";1
"66156";"762";"64";1
"66224";"830";"64";1
"66338";"944";"64";1
"66970";"538";"65";1
"67269";"837";"65";1
"67453";"1021";"65";1
"67599";"129";"66";1
"67680";"210";"66";1
"68229";"759";"66";1
"68379";"909";"66";1
"68668";"160";"67";1
"68733";"225";"67";1
"69340";"832";"67";1
"69810";"264";"68";1
"70812";"228";"69";1
"71044";"460";"69";1
"71230";"646";"69";1
"71349";"765";"69";1
"71640";"18";"70";1
"71854";"232";"70";1
"72907";"247";"71";1
"72945";"285";"71";1
"73042";"382";"71";1
"73648";"988";"71";1
"73767";"69";"72";1
"74344";"646";"72";1
"75468";"732";"73";1
"75496";"760";"73";1
"75824";"50";"74";1
"76132";"358";"74";1
"76547";"773";"74";1
"76872";"60";"75";1
"77152";"340";"75";1
"77346";"534";"75";1
"77370";"558";"75";1
"77686";"874";"75";1
"77708";"896";"75";1
"77958";"108";"76";1
"78643";"793";"76";1
"78934";"46";"77";1
"78947";"59";"77";1
"79014";"126";"77";1
"79726";"838";"77";1
"79928";"2";"78";1
"79950";"24";"78";1
"81472";"508";"79";1
"81575";"611";"79";1
"81754";"790";"79";1
"81991";"1027";"79";1
"82149";"147";"80";1
"82186";"184";"80";1
"82263";"261";"80";1
"82270";"268";"80";1
"82641";"639";"80";1
"83074";"34";"81";1
"83143";"103";"81";1
"83496";"456";"81";1
"83700";"660";"81";1
"83717";"677";"81";1
"84270";"192";"82";1
"84295";"217";"82";1
"84340";"262";"82";1
"84366";"288";"82";1
"84410";"332";"82";1
"84460";"382";"82";1
"84563";"485";"82";1
"84852";"774";"82";1
"84855";"777";"82";1
"85757";"641";"83";1
"85992";"876";"83";1
"86016";"900";"83";1
"86065";"949";"83";1
"86092";"976";"83";1
"86693";"539";"84";1
"87023";"869";"84";1
"87033";"879";"84";1
"87556";"364";"85";1
"87583";"391";"85";1
"87587";"395";"85";1
"87777";"585";"85";1
"89379";"111";"87";1
"89462";"194";"87";1
"89653";"385";"87";1
"90318";"12";"88";1
"90431";"125";"88";1
"90588";"282";"88";1
"90705";"399";"88";1
"90779";"473";"88";1
"90887";"581";"88";1
"90897";"591";"88";1
"91475";"131";"89";1
"92390";"8";"90";1
"92426";"44";"90";1
"92727";"345";"90";1
"92752";"370";"90";1
"92810";"428";"90";1
"92941";"559";"90";1
"93109";"727";"90";1
"94524";"66";"92";1
"94601";"143";"92";1
"94721";"263";"92";1
"94784";"326";"92";1
"94850";"392";"92";1
"95045";"587";"92";1
"95215";"757";"92";1
"95225";"767";"92";1
"95241";"783";"92";1
"95367";"909";"92";1
"95814";"318";"93";1
"95982";"486";"93";1
"96629";"95";"94";1
"96967";"433";"94";1
"97057";"523";"94";1
"97114";"580";"94";1
"97223";"689";"94";1
"97276";"742";"94";1
"97362";"828";"94";1
"97386";"852";"94";1
"98746";"136";"96";1
"98817";"207";"96";1
"99389";"779";"96";1
"99651";"3";"97";1
"99886";"238";"97";1
"100071";"423";"97";1
"100074";"426";"97";1
"100510";"862";"97";1
"100710";"24";"98";1
"101086";"400";"98";1
"101341";"655";"98";1
"101450";"764";"98";1
"102871";"109";"100";1
"102912";"150";"100";1
"102978";"216";"100";1
"103302";"540";"100";1
"103723";"961";"100";1
"103728";"966";"100";1
"104148";"348";"101";1
"104310";"510";"101";1
"104409";"609";"101";1
"104650";"850";"101";1
"104733";"933";"101";1
"104813";"1013";"101";1
"104831";"1031";"101";1
"104991";"153";"102";1
"105102";"264";"102";1
"105573";"735";"102";1
"105957";"81";"103";1
"105995";"119";"103";1
"106171";"295";"103";1
"106247";"371";"103";1
"106306";"430";"103";1
"106671";"795";"103";1
"106820";"944";"103";1
"107283";"369";"104";1
"108207";"255";"105";1
"108660";"708";"105";1
"108864";"912";"105";1
"109191";"201";"106";1
"109284";"294";"106";1
"109424";"434";"106";1
"109533";"543";"106";1
"110176";"148";"107";1
"110263";"235";"107";1
"110402";"374";"107";1
"110492";"464";"107";1
"110689";"661";"107";1
"111142";"76";"108";1
"111231";"165";"108";1
"111324";"258";"108";1
"111435";"369";"108";1
"111876";"810";"108";1
"112833";"729";"109";1
"113070";"966";"109";1
"114267";"87";"111";1
"114329";"149";"111";1
"114532";"352";"111";1
"114741";"561";"111";1
"115908";"690";"112";1
"116457";"201";"113";1
"116973";"717";"113";1
"117858";"564";"114";1
"117915";"621";"114";1
"118371";"39";"115";1
"118536";"204";"115";1
"118700";"368";"115";1
"118963";"631";"115";1
"119132";"800";"115";1
"119879";"509";"116";1
"120148";"778";"116";1
"120185";"815";"116";1
"120349";"979";"116";1
"120533";"125";"117";1
"120559";"151";"117";1
"121779";"333";"118";1
"121849";"403";"118";1
"121875";"429";"118";1
"122020";"574";"118";1
"122044";"598";"118";1
"122546";"62";"119";1
"122575";"91";"119";1
"122683";"199";"119";1
"122844";"360";"119";1
"122914";"430";"119";1
"123627";"105";"120";1
"125097";"537";"121";1
"125304";"744";"121";1
"125309";"749";"121";1
"125454";"894";"121";1
"125940";"342";"122";1
"125977";"379";"122";1
"126799";"163";"123";1
"126844";"208";"123";1
"127230";"594";"123";1
"127474";"838";"123";1
"127904";"230";"124";1
"128366";"692";"124";1
"128829";"117";"125";1
"129209";"497";"125";1
"129303";"591";"125";1
"129452";"740";"125";1
"130558";"808";"126";1
"130739";"989";"126";1
"130814";"26";"127";1
"131684";"896";"127";1
"131765";"977";"127";1
"131996";"170";"128";1
"132439";"613";"128";1
"132505";"679";"128";1
"132647";"821";"128";1
"132731";"905";"128";1
"132753";"927";"128";1
"132930";"66";"129";1
"132984";"120";"129";1
"133078";"214";"129";1
"133466";"602";"129";1
"133623";"759";"129";1
"133713";"849";"129";1
"133959";"57";"130";1
"134054";"152";"130";1
"134162";"260";"130";1
"134684";"782";"130";1
"134709";"807";"130";1
"134716";"814";"130";1
"135029";"89";"131";1
"135986";"8";"132";1
"136068";"90";"132";1
"136323";"345";"132";1
"136537";"559";"132";1
"136725";"747";"132";1
"138224";"170";"134";1
"138294";"240";"134";1
"138927";"873";"134";1
"138937";"883";"134";1
"138939";"885";"134";1
"138959";"905";"134";1
"139022";"968";"134";1
"139234";"142";"135";1
"139916";"824";"135";1
"140222";"92";"136";1
"140226";"96";"136";1
"140337";"207";"136";1
"140827";"697";"136";1
"141429";"261";"137";1
"141449";"281";"137";1
"141842";"674";"137";1
"142222";"16";"138";1
"142998";"792";"138";1
"143007";"801";"138";1
"144541";"259";"140";1
"144670";"388";"140";1
"144977";"695";"140";1
"145323";"3";"141";1
"145571";"251";"141";1
"145625";"305";"141";1
"145682";"362";"141";1
"145977";"657";"141";1
"146006";"686";"141";1
"146056";"736";"141";1
"146141";"821";"141";1
"146263";"943";"141";1
"146732";"374";"142";1
"148305";"909";"143";1
"148446";"12";"144";1
"148538";"104";"144";1
"149611";"139";"145";1
"149678";"206";"145";1
"149893";"421";"145";1
"150022";"550";"145";1
"150337";"865";"145";1
"150390";"918";"145";1
"150462";"990";"145";1
"150687";"177";"146";1
"150823";"313";"146";1
"151628";"80";"147";1
"151896";"348";"147";1
"151963";"415";"147";1
"152180";"632";"147";1
"152608";"22";"148";1
"152614";"28";"148";1
"153247";"661";"148";1
"153735";"111";"149";1
"154185";"561";"149";1
"154488";"864";"149";1
"154916";"254";"150";1
"155202";"540";"150";1
"155324";"662";"150";1
"155348";"686";"150";1
"155817";"117";"151";1
"156742";"4";"152";1
"156795";"57";"152";1
"156868";"130";"152";1
"157063";"325";"152";1
"157410";"672";"152";1
"157545";"807";"152";1
"157878";"102";"153";1
"158903";"89";"154";1
"158945";"131";"154";1
"159039";"225";"154";1
"159259";"445";"154";1
"159346";"532";"154";1
"159510";"696";"154";1
"159520";"706";"154";1
"159725";"911";"154";1
"159789";"975";"154";1
"159797";"983";"154";1
"159826";"1012";"154";1
"160265";"413";"155";1
"160467";"615";"155";1
"160762";"910";"155";1
"160836";"984";"155";1
"160890";"1038";"155";1
"161111";"221";"156";1
"161538";"648";"156";1
"161623";"733";"156";1
"161691";"801";"156";1
"161774";"884";"156";1
"163377";"411";"158";1
"163432";"466";"158";1
"163558";"592";"158";1
"163588";"622";"158";1
"163728";"762";"158";1
"164023";"19";"159";1
"164044";"40";"159";1
"164199";"195";"159";1
"164243";"239";"159";1
"164483";"479";"159";1
"164580";"576";"159";1
"164583";"579";"159";1
"164806";"802";"159";1
"165362";"320";"160";1
"165389";"347";"160";1
"165404";"362";"160";1
"165457";"415";"160";1
"165867";"825";"160";1
"165883";"841";"160";1
"165999";"957";"160";1
"166646";"566";"161";1
"166698";"618";"161";1
"167550";"432";"162";1
"167630";"512";"162";1
"167764";"646";"162";1
"168279";"123";"163";1
"168364";"208";"163";1
"168750";"594";"163";1
"168909";"753";"163";1
"168964";"808";"163";1
"169121";"965";"163";1
"169553";"359";"164";1
"169616";"422";"164";1
"169894";"700";"164";1
"170292";"60";"165";1
"170311";"79";"165";1
"170340";"108";"165";1
"170601";"369";"165";1
"171022";"790";"165";1
"171042";"810";"165";1
"171157";"925";"165";1
"171287";"17";"166";1
"171567";"297";"166";1
"171656";"386";"166";1
"171686";"416";"166";1
"171838";"568";"166";1
"171984";"714";"166";1
"172614";"306";"167";1
"172742";"434";"167";1
"174315";"969";"168";1
"174337";"991";"168";1
"174370";"1024";"168";1
"174849";"465";"169";1
"175550";"128";"170";1
"175556";"134";"170";1
"175982";"560";"170";1
"176258";"836";"170";1
"176812";"352";"171";1
"177637";"139";"172";1
"178453";"955";"172";1
"178909";"373";"173";1
"179033";"497";"173";1
"179276";"740";"173";1
"179312";"776";"173";1
"179886";"312";"174";1
"179975";"401";"174";1
"180041";"467";"174";1
"180710";"98";"175";1
"180853";"241";"175";1
"181083";"471";"175";1
"181267";"655";"175";1
"181356";"744";"175";1
"181361";"749";"175";1
"181376";"764";"175";1
"182549";"899";"176";1
"182632";"982";"176";1
"182834";"146";"177";1
"183001";"313";"177";1
"183253";"565";"177";1
"183359";"671";"177";1
"183659";"971";"177";1
"183755";"29";"178";1
"183909";"183";"178";1
"184227";"501";"178";1
"184470";"744";"178";1
"184516";"790";"178";1
"184875";"111";"179";1
"185252";"488";"179";1
"185306";"542";"179";1
"185317";"553";"179";1
"185414";"650";"179";1
"185480";"716";"179";1
"185507";"743";"179";1
"186764";"962";"180";1
"187063";"223";"181";1
"187096";"256";"181";1
"187143";"303";"181";1
"187173";"333";"181";1
"187275";"435";"181";1
"188265";"387";"182";1
"188582";"704";"182";1
"188600";"722";"182";1
"188867";"989";"182";1
"189094";"178";"183";1
"189355";"439";"183";1
"189417";"501";"183";1
"189452";"536";"183";1
"189642";"726";"183";1
"189858";"942";"183";1
"190215";"261";"184";1
"190441";"487";"184";1
"190593";"639";"184";1
"191283";"291";"185";1
"191948";"956";"185";1
"191977";"985";"185";1
"192447";"417";"186";1
"192626";"596";"186";1
"192707";"677";"186";1
"192836";"806";"186";1
"193857";"789";"187";1
"194002";"934";"187";1
"194459";"353";"188";1
"194835";"729";"188";1
"195027";"921";"188";1
"195207";"63";"189";1
"195786";"642";"189";1
"196086";"942";"189";1
"196242";"60";"190";1
"196522";"340";"190";1
"196716";"534";"190";1
"196914";"732";"190";1
"196997";"815";"190";1
"197056";"874";"190";1
"197162";"980";"190";1
"197177";"995";"190";1
"197584";"364";"191";1
"197611";"391";"191";1
"197615";"395";"191";1
"197805";"585";"191";1
"198090";"870";"191";1
"198257";"1037";"191";1
"198550";"292";"192";1
"198599";"341";"192";1
"198660";"402";"192";1
"199256";"998";"192";1
"199389";"93";"193";1
"199932";"636";"193";1
"201376";"4";"195";1
"201531";"159";"195";1
"201611";"239";"195";1
"202201";"829";"195";1
"202448";"38";"196";1
"202589";"179";"196";1
"202653";"243";"196";1
"202746";"336";"196";1
"202785";"375";"196";1
"203018";"608";"196";1
"203126";"716";"196";1
"203153";"743";"196";1
"203349";"939";"196";1
"203368";"958";"196";1
"203495";"47";"197";1
"203580";"132";"197";1
"203909";"461";"197";1
"203968";"520";"197";1
"204352";"904";"197";1
"204823";"337";"198";1
"206566";"4";"200";1
"207163";"601";"200";1
"207185";"623";"200";1
"207223";"661";"200";1
"207628";"28";"201";1
"207713";"113";"201";1
"209347";"709";"202";1
"209977";"301";"203";1
"210141";"465";"203";1
"210286";"610";"203";1
"210303";"627";"203";1
"210461";"785";"203";1
"210829";"115";"204";1
"211014";"300";"204";1
"211194";"480";"204";1
"211387";"673";"204";1
"211637";"923";"204";1
"211822";"70";"205";1
"211984";"232";"205";1
"212135";"383";"205";1
"212282";"530";"205";1
"212935";"145";"206";1
"213010";"220";"206";1
"213211";"421";"206";1
"213303";"513";"206";1
"213340";"550";"206";1
"213370";"580";"206";1
"213419";"629";"206";1
"213488";"698";"206";1
"213655";"865";"206";1
"213708";"918";"206";1
"213780";"990";"206";1
"213924";"96";"207";1
"214070";"242";"207";1
"214718";"890";"207";1
"214989";"123";"208";1
"215029";"163";"208";1
"215513";"647";"208";1
"215941";"37";"209";1
"216616";"712";"209";1
"216741";"837";"209";1
"218645";"665";"211";1
"219089";"71";"212";1
"219265";"247";"212";1
"219403";"385";"212";1
"219417";"399";"212";1
"219503";"485";"212";1
"219736";"718";"212";1
"220006";"988";"212";1
"220842";"786";"213";1
"220891";"835";"213";1
"221101";"7";"214";1
"222133";"1";"215";1
"222341";"209";"215";1
"222430";"298";"215";1
"222483";"351";"215";1
"222618";"486";"215";1
"222969";"837";"215";1
"222987";"855";"215";1
"223438";"268";"216";1
"223550";"380";"216";1
"223615";"445";"216";1
"223734";"564";"216";1
"224279";"71";"217";1
"224290";"82";"217";1
"224420";"212";"217";1
"224590";"382";"217";1
"224984";"776";"217";1
"225059";"851";"217";1
"226289";"5";"219";1
"226464";"180";"219";1
"227102";"818";"219";1
"227262";"978";"219";1
"227528";"206";"220";1
"227743";"421";"220";1
"228312";"990";"220";1
"228588";"228";"221";1
"229451";"53";"222";1
"229788";"390";"222";1
"229923";"525";"222";1
"229986";"588";"222";1
"229996";"598";"222";1
"230262";"864";"222";1
"230617";"181";"223";1
"230692";"256";"223";1
"230707";"271";"223";1
"230747";"311";"223";1
"230769";"333";"223";1
"231341";"905";"223";1
"231535";"61";"224";1
"231592";"118";"224";1
"231899";"425";"224";1
"232036";"562";"224";1
"232089";"615";"224";1
"232293";"819";"224";1
"232372";"898";"224";1
"232402";"928";"224";1
"232579";"67";"225";1
"232666";"154";"225";1
"233043";"531";"225";1
"233208";"696";"225";1
"233218";"706";"225";1
"233263";"751";"225";1
"233469";"957";"225";1
"233487";"975";"225";1
"233920";"370";"226";1
"234040";"490";"226";1
"234128";"578";"226";1
"234149";"599";"226";1
"234223";"673";"226";1
"237291";"627";"229";1
"237622";"958";"229";1
"237751";"49";"230";1
"237826";"124";"230";1
"237953";"251";"230";1
"237970";"268";"230";1
"238394";"692";"230";1
"238940";"200";"231";1
"239256";"516";"231";1
"239341";"601";"231";1
"239631";"891";"231";1
"239762";"1022";"231";1
"239848";"70";"232";1
"239983";"205";"232";1
"240161";"383";"232";1
"240308";"530";"232";1
"240680";"902";"232";1
"241287";"471";"233";1
"241400";"584";"233";1
"241656";"840";"233";1
"241799";"983";"233";1
"242360";"506";"234";1
"242373";"519";"234";1
"242387";"533";"234";1
"242429";"575";"234";1
"242698";"844";"234";1
"242835";"981";"234";1
"242999";"107";"235";1
"243022";"130";"235";1
"243468";"576";"235";1
"243551";"659";"235";1
"244485";"555";"236";1
"244615";"685";"236";1
"244736";"806";"236";1
"244918";"988";"236";1
"245067";"99";"237";1
"245255";"287";"237";1
"245278";"310";"237";1
"245307";"339";"237";1
"245406";"438";"237";1
"245471";"503";"237";1
"245536";"568";"237";1
"245706";"738";"237";1
"245799";"831";"237";1
"246103";"97";"238";1
"246432";"426";"238";1
"246670";"664";"238";1
"246868";"862";"238";1
"246886";"880";"238";1
"246889";"883";"238";1
"247063";"19";"239";1
"247203";"159";"239";1
"247239";"195";"239";1
"247542";"498";"239";1
"247813";"769";"239";1
"247826";"782";"239";1
"248216";"134";"240";1
"248955";"873";"240";1
"248965";"883";"240";1
"249050";"968";"240";1
"249285";"165";"241";1
"249798";"678";"241";1
"249884";"764";"241";1
"250617";"459";"242";1
"250811";"653";"242";1
"251048";"890";"242";1
"251860";"664";"243";1
"252076";"880";"243";1
"252079";"883";"243";1
"252154";"958";"243";1
"252578";"344";"244";1
"253023";"789";"244";1
"253171";"937";"244";1
"253197";"963";"244";1
"253375";"103";"245";1
"253433";"161";"245";1
"253828";"556";"245";1
"253838";"566";"245";1
"253890";"618";"245";1
"254246";"974";"245";1
"254372";"62";"246";1
"254509";"199";"246";1
"254837";"527";"246";1
"255419";"71";"247";1
"255542";"194";"247";1
"255871";"523";"247";1
"256869";"483";"248";1
"256929";"543";"248";1
"257118";"732";"248";1
"257244";"858";"248";1
"257729";"305";"249";1
"257752";"328";"249";1
"257847";"423";"249";1
"257870";"446";"249";1
"257902";"478";"249";1
"258013";"589";"249";1
"258277";"853";"249";1
"258690";"228";"250";1
"258719";"257";"250";1
"258735";"273";"250";1
"258746";"284";"250";1
"259581";"81";"251";1
"259641";"141";"251";1
"259730";"230";"251";1
"259786";"286";"251";1
"259805";"305";"251";1
"260236";"736";"251";1
"260448";"948";"251";1
"261145";"607";"252";1
"261195";"657";"252";1
"261498";"960";"252";1
"261540";"1002";"252";1
"261934";"358";"253";1
"261995";"419";"253";1
"262410";"834";"253";1
"262830";"216";"254";1
"263007";"393";"254";1
"263008";"394";"254";1
"263154";"540";"254";1
"263176";"562";"254";1
"263399";"785";"254";1
"263697";"45";"255";1
"263757";"105";"255";1
"263830";"178";"255";1
"264153";"501";"255";1
"264278";"626";"255";1
"264360";"708";"255";1
"264871";"181";"256";1
"264913";"223";"256";1
"264961";"271";"256";1
"265023";"333";"256";1
"265425";"735";"256";1
"265794";"66";"257";1
"265820";"92";"257";1
"266035";"307";"257";1
"266054";"326";"257";1
"266120";"392";"257";1
"266771";"5";"258";1
"266810";"44";"258";1
"266874";"108";"258";1
"266894";"128";"258";1
"267097";"331";"258";1
"267587";"821";"258";1
"267815";"11";"259";1
"267944";"140";"259";1
"268499";"695";"259";1
"269960";"80";"261";1
"270004";"124";"261";1
"270017";"137";"261";1
"270064";"184";"261";1
"270519";"639";"261";1
"270554";"674";"261";1
"271402";"484";"262";1
"271702";"784";"262";1
"272426";"470";"263";1
"272704";"748";"263";1
"272863";"907";"263";1
"273062";"68";"264";1
"274267";"235";"265";1
"274367";"335";"265";1
"274548";"516";"265";1
"275637";"567";"266";1
"276424";"316";"267";1
"277046";"938";"267";1
"277164";"18";"268";1
"277270";"124";"268";1
"277362";"216";"268";1
"279177";"993";"269";1
"279983";"761";"270";1
"280044";"822";"270";1
"280222";"1000";"270";1
"280441";"181";"271";1
"280483";"223";"271";1
"280516";"256";"271";1
"280593";"333";"271";1
"280782";"522";"271";1
"281323";"25";"272";1
"281517";"219";"272";1
"281812";"514";"272";1
"281868";"570";"272";1
"282013";"715";"272";1
"282045";"747";"272";1
"282475";"139";"273";1
"282498";"162";"273";1
"282586";"250";"273";1
"282804";"468";"273";1
"283149";"813";"273";1
"283772";"398";"274";1
"283779";"405";"274";1
"283991";"617";"274";1
"284260";"886";"274";1
"284838";"426";"275";1
"285157";"745";"275";1
"285208";"796";"275";1
"285375";"963";"275";1
"285464";"14";"276";1
"285941";"491";"276";1
"286004";"554";"276";1
"286374";"924";"276";1
"286536";"48";"277";1
"286537";"49";"277";1
"286774";"286";"277";1
"287107";"619";"277";1
"287108";"620";"277";1
"287441";"953";"277";1
"287919";"393";"278";1
"287926";"400";"278";1
"288195";"669";"278";1
"288253";"727";"278";1
"288975";"411";"279";1
"289085";"521";"279";1
"289131";"567";"279";1
"289294";"730";"279";1
"290190";"588";"280";1
"290313";"711";"280";1
"290614";"1012";"280";1
"290658";"18";"281";1
"291365";"725";"281";1
"291690";"12";"282";1
"291766";"88";"282";1
"292077";"399";"282";1
"292245";"567";"282";1
"293761";"7";"284";1
"293972";"218";"284";1
"294004";"250";"284";1
"294279";"525";"284";1
"294562";"808";"284";1
"294602";"848";"284";1
"294647";"893";"284";1
"294680";"926";"284";1
"294781";"1027";"284";1
"295106";"314";"285";1
"295151";"359";"285";1
"295177";"385";"285";1
"295442";"650";"285";1
"295625";"833";"285";1
"295879";"49";"286";1
"295911";"81";"286";1
"296060";"230";"286";1
"296107";"277";"286";1
"297105";"237";"287";1
"297371";"503";"287";1
"297436";"568";"287";1
"297539";"671";"287";1
"297606";"738";"287";1
"297699";"831";"287";1
"298044";"138";"288";1
"298098";"192";"288";1
"298238";"332";"288";1
"298904";"998";"288";1
"298995";"51";"289";1
"299264";"320";"289";1
"299470";"526";"289";1
"299729";"785";"289";1
"299846";"902";"289";1
"300023";"41";"290";1
"300675";"693";"290";1
"300947";"965";"290";1
"301233";"213";"291";1
"302320";"262";"292";1
"302842";"784";"292";1
"302859";"801";"292";1
"302942";"884";"292";1
"302972";"914";"292";1
"303133";"37";"293";1
"303988";"892";"293";1
"304047";"951";"293";1
"304240";"106";"294";1
"304382";"248";"294";1
"304617";"483";"294";1
"304677";"543";"294";1
"304843";"709";"294";1
"304895";"761";"294";1
"305025";"891";"294";1
"305084";"950";"294";1
"305139";"1005";"294";1
"305275";"103";"295";1
"305291";"119";"295";1
"305602";"430";"295";1
"305967";"795";"295";1
"306614";"404";"296";1
"306884";"674";"296";1
"307139";"929";"296";1
"307181";"971";"296";1
"307416";"168";"297";1
"307891";"643";"297";1
"307897";"649";"297";1
"308239";"991";"297";1
"309369";"45";"299";1
"310025";"701";"299";1
"310862";"500";"300";1
"310867";"505";"300";1
"310962";"600";"300";1
"311099";"737";"300";1
"311130";"768";"300";1
"311150";"788";"300";1
"311794";"394";"301";1
"312386";"986";"301";1
"312745";"307";"302";1
"313328";"890";"302";1
"313413";"975";"302";1
"314073";"597";"303";1
"314167";"691";"303";1
"314211";"735";"303";1
"314232";"756";"303";1
"314235";"759";"303";1
"316757";"167";"306";1
"317133";"543";"306";1
"317595";"1005";"306";1
"318444";"816";"307";1
"318812";"146";"308";1
"318834";"168";"308";1
"318843";"177";"308";1
"319489";"823";"308";1
"321558";"816";"310";1
"322003";"223";"311";1
"322519";"739";"311";1
"322534";"754";"311";1
"322922";"104";"312";1
"322992";"174";"312";1
"323431";"613";"312";1
"323559";"741";"312";1
"325179";"285";"314";1
"325279";"385";"314";1
"326258";"326";"315";1
"326509";"577";"315";1
"326519";"587";"315";1
"326556";"624";"315";1
"326577";"645";"315";1
"326627";"695";"315";1
"326645";"713";"315";1
"326933";"1001";"315";1
"327237";"267";"316";1
"328156";"148";"317";1
"329139";"93";"318";1
"329344";"298";"318";1
"330512";"428";"319";1
"330521";"437";"319";1
"330750";"666";"319";1
"330972";"888";"319";1
"331282";"160";"320";1
"331411";"289";"320";1
"331648";"526";"320";1
"331907";"785";"320";1
"332161";"1";"321";1
"332180";"20";"321";1
"332611";"451";"321";1
"332780";"620";"321";1
"332826";"666";"321";1
"333383";"185";"322";1
"333409";"211";"322";1
"333489";"291";"322";1
"333863";"665";"322";1
"333873";"675";"322";1
"333946";"748";"322";1
"333971";"773";"322";1
"335417";"143";"324";1
"336057";"783";"324";1
"336369";"57";"325";1
"336464";"152";"325";1
"336512";"200";"325";1
"336791";"479";"325";1
"336888";"576";"325";1
"337442";"92";"326";1
"337665";"315";"326";1
"337742";"392";"326";1
"338107";"757";"326";1
"338117";"767";"326";1
"338351";"1001";"326";1
"338724";"336";"327";1
"338734";"346";"327";1
"339200";"812";"327";1
"339211";"823";"327";1
"339251";"863";"327";1
"339310";"922";"327";1
"339407";"1019";"327";1
"339904";"478";"328";1
"340032";"606";"328";1
"340153";"727";"328";1
"341006";"542";"329";1
"341096";"632";"329";1
"341108";"644";"329";1
"341517";"15";"330";1
"341905";"403";"330";1
"341927";"425";"330";1
"342545";"5";"331";1
"342658";"118";"331";1
"342798";"258";"331";1
"342956";"416";"331";1
"342969";"429";"331";1
"343260";"720";"331";1
"343438";"898";"331";1
"343703";"125";"332";1
"343866";"288";"332";1
"343916";"338";"332";1
"344050";"472";"332";1
"344176";"598";"332";1
"344379";"801";"332";1
"344643";"27";"333";1
"344734";"118";"333";1
"344797";"181";"333";1
"344839";"223";"333";1
"344872";"256";"333";1
"344887";"271";"333";1
"346571";"917";"334";1
"346724";"32";"335";1
"346957";"265";"335";1
"347550";"858";"335";1
"347642";"950";"335";1
"347973";"243";"336";1
"348105";"375";"336";1
"348429";"699";"336";1
"348661";"931";"336";1
"348798";"30";"337";1
"349493";"725";"337";1
"349645";"877";"337";1
"349890";"84";"338";1
"350146";"340";"338";1
"350260";"454";"338";1
"350278";"472";"338";1
"350321";"515";"338";1
"350577";"771";"338";1
"350598";"792";"338";1
"350675";"869";"338";1
"351081";"237";"339";1
"351151";"307";"339";1
"351154";"310";"339";1
"351660";"816";"339";1
"351933";"51";"340";1
"351957";"75";"340";1
"352416";"534";"340";1
"352756";"874";"340";1
"352877";"995";"340";1
"353112";"192";"341";1
"353212";"292";"341";1
"353322";"402";"341";1
"353766";"846";"341";1
"353779";"859";"341";1
"353918";"998";"341";1
"354080";"122";"342";1
"354583";"625";"342";1
"354797";"839";"342";1
"355439";"443";"343";1
"355455";"459";"343";1
"355649";"653";"343";1
"355909";"913";"343";1
"356278";"244";"344";1
"356971";"937";"344";1
"357013";"979";"344";1
"357080";"8";"345";1
"357162";"90";"345";1
"357204";"132";"345";1
"357500";"428";"345";1
"357819";"747";"345";1
"358162";"52";"346";1
"358437";"327";"346";1
"358922";"812";"346";1
"359129";"1019";"346";1
"360287";"101";"348";1
"360520";"334";"348";1
"360696";"510";"348";1
"361036";"850";"348";1
"361726";"502";"349";1
"362147";"923";"349";1
"362410";"148";"350";1
"362579";"317";"350";1
"362726";"464";"350";1
"363301";"1";"351";1
"363493";"193";"351";1
"363515";"215";"351";1
"363786";"486";"351";1
"364509";"171";"352";1
"365161";"823";"352";1
"365564";"188";"353";1
"365696";"320";"353";1
"365718";"342";"353";1
"365732";"356";"353";1
"366105";"729";"353";1
"366263";"887";"353";1
"366679";"265";"354";1
"366878";"464";"354";1
"367419";"1005";"354";1
"367997";"545";"355";1
"368057";"605";"355";1
"368155";"703";"355";1
"368331";"879";"355";1
"368791";"301";"356";1
"368843";"353";"356";1
"368883";"393";"356";1
"368884";"394";"356";1
"369146";"656";"356";1
"370419";"891";"357";1
"370550";"1022";"357";1
"370819";"253";"358";1
"370985";"419";"358";1
"371400";"834";"358";1
"371690";"86";"359";1
"371989";"385";"359";1
"372011";"407";"359";1
"372026";"422";"359";1
"372733";"91";"360";1
"372761";"119";"360";1
"372841";"199";"360";1
"372888";"246";"360";1
"374512";"832";"361";1
"374858";"140";"362";1
"374859";"141";"362";1
"375117";"399";"362";1
"375321";"603";"362";1
"375666";"948";"362";1
"375691";"973";"362";1
"375714";"996";"362";1
"376631";"875";"363";1
"376879";"85";"364";1
"376985";"191";"364";1
"377185";"391";"364";1
"377189";"395";"364";1
"377376";"582";"364";1
"377379";"585";"364";1
"377516";"722";"364";1
"378256";"424";"365";1
"378606";"774";"365";1
"378755";"923";"365";1
"380618";"710";"367";1
"380797";"889";"367";1
"380975";"29";"368";1
"381022";"76";"368";1
"381061";"115";"368";1
"381735";"789";"368";1
"381872";"926";"368";1
"382149";"165";"369";1
"382774";"790";"369";1
"382794";"810";"369";1
"382909";"925";"369";1
"383581";"559";"370";1
"384359";"299";"371";1
"384761";"701";"371";1
"385564";"466";"372";1
"385571";"473";"372";1
"386612";"476";"373";1
"386912";"776";"373";1
"387118";"982";"373";1
"387316";"142";"374";1
"387658";"484";"374";1
"388408";"196";"375";1
"388455";"243";"375";1
"388548";"336";"375";1
"388911";"699";"375";1
"389097";"885";"375";1
"389143";"931";"375";1
"389492";"242";"376";1
"389890";"640";"376";1
"390161";"911";"376";1
"390319";"31";"377";1
"391773";"447";"378";1
"391800";"474";"378";1
"391922";"596";"378";1
"392003";"677";"378";1
"392006";"680";"378";1
"392262";"936";"378";1
"392320";"994";"378";1
"393270";"906";"379";1
"393869";"467";"380";1
"393962";"560";"380";1
"394023";"621";"380";1
"394238";"836";"380";1
"394892";"452";"381";1
"395168";"728";"381";1
"395257";"817";"381";1
"395318";"878";"381";1
"395549";"71";"382";1
"395560";"82";"382";1
"395695";"217";"382";1
"395951";"473";"382";1
"396254";"776";"382";1
"396255";"777";"382";1
"396561";"45";"383";1
"396721";"205";"383";1
"396748";"232";"383";1
"397046";"530";"383";1
"397198";"682";"383";1
"397649";"95";"384";1
"398241";"687";"384";1
"398243";"689";"384";1
"398877";"285";"385";1
"398906";"314";"385";1
"399647";"17";"386";1
"399796";"166";"386";1
"400046";"416";"386";1
"401562";"894";"387";1
"401717";"11";"388";1
"401965";"259";"388";1
"402401";"695";"388";1
"402486";"780";"388";1
"402707";"1001";"388";1
"402932";"188";"389";1
"403092";"348";"389";1
"403288";"544";"389";1
"403292";"548";"389";1
"403301";"557";"389";1
"403400";"656";"389";1
"403665";"921";"389";1
"403738";"994";"389";1
"403775";"1031";"389";1
"404078";"296";"390";1
"404377";"595";"390";1
"404769";"987";"390";1
"404905";"85";"391";1
"405011";"191";"391";1
"405184";"364";"391";1
"405215";"395";"391";1
"405405";"585";"391";1
"405691";"871";"391";1
"405924";"66";"392";1
"405950";"92";"392";1
"406162";"304";"392";1
"406184";"326";"392";1
"406555";"697";"392";1
"406615";"757";"392";1
"406641";"783";"392";1
"406700";"842";"392";1
"406767";"909";"392";1
"407252";"356";"393";1
"407503";"607";"393";1
"407552";"656";"393";1
"408032";"98";"394";1
"408103";"169";"394";1
"408188";"254";"394";1
"408235";"301";"394";1
"409057";"85";"395";1
"409163";"191";"395";1
"409336";"364";"395";1
"409363";"391";"395";1
"409557";"585";"395";1
"409694";"722";"395";1
"409843";"871";"395";1
"410009";"1037";"395";1
"410178";"168";"396";1
"410318";"308";"396";1
"410368";"358";"396";1
"410411";"401";"396";1
"410517";"507";"396";1
"410844";"834";"396";1
"411543";"495";"397";1
"411909";"861";"397";1
"412360";"274";"398";1
"412491";"405";"398";1
"412703";"617";"398";1
"412972";"886";"398";1
"413136";"12";"399";1
"413191";"67";"399";1
"413212";"88";"399";1
"413406";"282";"399";1
"413773";"649";"399";1
"415060";"898";"400";1
"415122";"960";"400";1
"415374";"174";"401";1
"415508";"308";"401";1
"415512";"312";"401";1
"415941";"741";"401";1
"416737";"499";"402";1
"417291";"15";"403";1
"417606";"330";"403";1
"417850";"574";"403";1
"418123";"847";"403";1
"418610";"296";"404";1
"418704";"390";"404";1
"418859";"545";"404";1
"418958";"644";"404";1
"419243";"929";"404";1
"419285";"971";"404";1
"419301";"987";"404";1
"419626";"274";"405";1
"419750";"398";"405";1
"419969";"617";"405";1
"420238";"886";"405";1
"421084";"694";"406";1
"421713";"285";"407";1
"421787";"359";"407";1
"421850";"422";"407";1
"422416";"988";"407";1
"422884";"418";"408";1
"423260";"794";"408";1
"423275";"809";"408";1
"424358";"854";"409";1
"425033";"491";"410";1
"425144";"602";"410";1
"425390";"848";"410";1
"425391";"849";"410";1
"425644";"64";"411";1
"425738";"158";"411";1
"425859";"279";"411";1
"426101";"521";"411";1
"426342";"762";"411";1
"426375";"795";"411";1
"426524";"944";"411";1
"426612";"1032";"411";1
"427261";"643";"412";1
"427609";"991";"412";1
"427792";"136";"413";1
"427811";"155";"413";1
"428280";"624";"413";1
"428314";"658";"413";1
"428640";"984";"413";1
"429043";"349";"414";1
"429514";"820";"414";1
"429812";"80";"415";1
"429879";"147";"415";1
"430018";"286";"415";1
"430133";"401";"415";1
"430219";"487";"415";1
"430787";"17";"416";1
"430902";"132";"416";1
"430936";"166";"416";1
"431156";"386";"416";1
"431484";"714";"416";1
"431490";"720";"416";1
"431994";"186";"417";1
"432744";"936";"417";1
"432761";"953";"417";1
"432874";"28";"418";1
"433254";"408";"418";1
"433418";"572";"418";1
"433640";"794";"418";1
"433655";"809";"418";1
"434137";"253";"419";1
"434280";"396";"419";1
"434391";"507";"419";1
"434474";"590";"419";1
"434586";"702";"419";1
"434714";"830";"419";1
"434718";"834";"419";1
"434940";"18";"420";1
"435334";"412";"420";1
"435454";"532";"420";1
"435647";"725";"420";1
"435899";"977";"420";1
"436510";"550";"421";1
"436825";"865";"421";1
"436959";"999";"421";1
"437084";"86";"422";1
"437357";"359";"422";1
"437405";"407";"422";1
"438133";"97";"423";1
"438341";"305";"423";1
"438514";"478";"423";1
"438655";"619";"423";1
"439147";"73";"424";1
"439439";"365";"424";1
"440156";"44";"425";1
"440173";"61";"425";1
"440249";"137";"425";1
"440442";"330";"425";1
"441247";"97";"426";1
"442012";"862";"426";1
"442325";"137";"427";1
"442464";"276";"427";1
"442518";"330";"427";1
"442617";"429";"427";1
"442679";"491";"427";1
"443596";"370";"428";1
"444594";"330";"429";1
"444691";"427";"429";1
"445421";"119";"430";1
"445597";"295";"430";1
"446064";"762";"430";1
"446097";"795";"430";1
"446246";"944";"430";1
"446819";"479";"431";1
"446911";"571";"431";1
"447272";"932";"431";1
"447432";"54";"432";1
"447890";"512";"432";1
"448061";"683";"432";1
"448204";"826";"432";1
"448511";"95";"433";1
"448617";"201";"433";1
"449105";"689";"433";1
"449244";"828";"433";1
"449268";"852";"433";1
"449560";"106";"434";1
"449621";"167";"434";1
"449702";"248";"434";1
"449748";"294";"434";1
"450554";"62";"435";1
"450673";"181";"435";1
"451279";"787";"435";1
"451566";"36";"436";1
"452303";"773";"436";1
"452591";"23";"437";1
"452798";"230";"437";1
"452887";"319";"437";1
"452996";"428";"437";1
"453236";"668";"437";1
"453456";"888";"437";1
"455102";"458";"439";1
"455180";"536";"439";1
"455370";"726";"439";1
"455458";"814";"439";1
"455776";"94";"440";1
"456370";"688";"440";1
"456569";"887";"440";1
"456651";"969";"440";1
"457421";"701";"441";1
"457660";"940";"441";1
"457772";"14";"442";1
"458004";"246";"442";1
"458428";"670";"442";1
"458599";"841";"442";1
"458624";"866";"442";1
"459139";"343";"443";1
"459255";"459";"443";1
"459449";"653";"443";1
"459709";"913";"443";1
"459840";"6";"444";1
"460144";"310";"444";1
"460776";"942";"444";1
"460939";"67";"445";1
"461088";"216";"445";1
"461534";"662";"445";1
"461913";"3";"446";1
"462159";"249";"446";1
"462215";"305";"446";1
"463396";"448";"447";1
"463496";"548";"447";1
"463607";"659";"447";1
"464556";"570";"448";1
"464645";"659";"448";1
"464703";"717";"448";1
"465065";"41";"449";1
"465621";"597";"449";1
"466069";"7";"450";1
"466109";"47";"450";1
"466182";"120";"450";1
"466191";"129";"450";1
"466259";"197";"450";1
"466276";"214";"450";1
"466472";"410";"450";1
"466523";"461";"450";1
"466582";"520";"450";1
"467120";"20";"451";1
"467402";"302";"451";1
"467720";"620";"451";1
"468519";"381";"452";1
"468689";"551";"452";1
"468955";"817";"452";1
"469016";"878";"452";1
"469254";"78";"453";1
"469682";"506";"453";1
"469779";"603";"453";1
"469843";"667";"453";1
"469931";"755";"453";1
"470149";"973";"453";1
"470157";"981";"453";1
"470249";"35";"454";1
"470412";"198";"454";1
"470552";"338";"454";1
"470749";"535";"454";1
"470985";"771";"454";1
"471065";"851";"454";1
"472324";"34";"456";1
"472839";"549";"456";1
"473386";"58";"457";1
"473741";"413";"457";1
"473850";"522";"457";1
"474277";"949";"457";1
"474372";"6";"458";1
"474810";"444";"458";1
"474978";"612";"458";1
"475180";"814";"458";1
"475210";"844";"458";1
"475347";"981";"458";1
"475646";"242";"459";1
"475747";"343";"459";1
"475847";"443";"459";1
"476057";"653";"459";1
"476124";"720";"459";1
"476317";"913";"459";1
"476511";"69";"460";1
"476926";"484";"460";1
"477268";"826";"460";1
"477527";"47";"461";1
"477677";"197";"461";1
"478000";"520";"461";1
"478384";"904";"461";1
"479623";"67";"463";1
"479755";"199";"463";1
"480388";"832";"463";1
"480701";"107";"464";1
"480742";"148";"464";1
"481255";"661";"464";1
"481801";"169";"465";1
"482184";"552";"465";1
"482373";"741";"465";1
"482747";"77";"466";1
"483042";"372";"466";1
"483874";"166";"467";1
"484088";"380";"467";1
"484094";"386";"467";1
"484268";"560";"467";1
"484276";"568";"467";1
"484422";"714";"467";1
"485019";"273";"468";1
"485559";"813";"468";1
"486801";"1017";"469";1
"487085";"263";"470";1
"487199";"377";"470";1
"487318";"496";"470";1
"487570";"748";"470";1
"487726";"904";"470";1
"487729";"907";"470";1
"488035";"175";"471";1
"488266";"406";"471";1
"488700";"840";"471";1
"488819";"959";"471";1
"489258";"360";"472";1
"489630";"732";"472";1
"489982";"46";"473";1
"490061";"125";"473";1
"490308";"372";"473";1
"490517";"581";"473";1
"490527";"591";"473";1
"491032";"58";"474";1
"491352";"378";"474";1
"491875";"901";"474";1
"491923";"949";"474";1
"493022";"1010";"475";1
"493026";"1014";"475";1
"493226";"176";"476";1
"493342";"292";"476";1
"493603";"553";"476";1
"493949";"899";"476";1
"493964";"914";"476";1
"494032";"982";"476";1
"494670";"582";"477";1
"494766";"678";"477";1
"495375";"249";"478";1
"495454";"328";"478";1
"495549";"423";"478";1
"495931";"805";"478";1
"495979";"853";"478";1
"496595";"431";"479";1
"496705";"541";"479";1
"496735";"571";"479";1
"496818";"654";"479";1
"496966";"802";"479";1
"497212";"10";"480";1
"497313";"111";"480";1
"497690";"488";"480";1
"497755";"553";"480";1
"498000";"798";"480";1
"498262";"22";"481";1
"498347";"107";"481";1
"498704";"464";"481";1
"499771";"493";"482";1
"499870";"592";"482";1
"500028";"750";"482";1
"500077";"799";"482";1
"500097";"819";"482";1
"500422";"106";"483";1
"500651";"335";"483";1
"500810";"494";"483";1
"500859";"543";"483";1
"501814";"460";"484";1
"502273";"919";"484";1
"503169";"777";"485";1
"503431";"1";"486";1
"503645";"215";"486";1
"503892";"462";"486";1
"504652";"184";"487";1
"504736";"268";"487";1
"504883";"415";"487";1
"505220";"752";"487";1
"505505";"1037";"487";1
"505516";"10";"488";1
"505617";"111";"488";1
"505685";"179";"488";1
"505986";"480";"488";1
"506059";"553";"488";1
"506156";"650";"488";1
"506304";"798";"488";1
"507401";"857";"489";1
"507808";"226";"490";1
"508160";"578";"490";1
"508181";"599";"490";1
"508896";"276";"491";1
"509030";"410";"491";1
"509688";"30";"492";1
"509749";"91";"492";1
"510472";"814";"492";1
"510535";"877";"492";1
"510582";"924";"492";1
"510598";"940";"492";1
"510731";"35";"493";1
"510889";"193";"493";1
"511178";"482";"493";1
"511224";"528";"493";1
"511589";"893";"493";1
"511766";"32";"494";1
"512091";"357";"494";1
"512592";"858";"494";1
"513169";"397";"495";1
"513633";"861";"495";1
"513841";"31";"496";1
"514187";"377";"496";1
"514387";"577";"496";1
"514667";"857";"496";1
"514973";"125";"497";1
"515320";"472";"497";1
"515470";"622";"497";1
"516607";"721";"498";1
"516693";"807";"498";1
"516972";"48";"499";1
"517326";"402";"499";1
"517847";"923";"499";1
"518017";"55";"500";1
"518049";"87";"500";1
"518750";"788";"500";1
"519045";"45";"501";1
"519626";"626";"501";1
"519652";"652";"501";1
"519672";"672";"501";1
"520305";"267";"502";1
"520354";"316";"502";1
"520387";"349";"502";1
"521363";"287";"503";1
"521415";"339";"503";1
"521718";"642";"503";1
"521907";"831";"503";1
"522005";"929";"503";1
"522992";"878";"504";1
"523468";"316";"505";1
"523752";"600";"505";1
"523857";"705";"505";1
"523889";"737";"505";1
"523920";"768";"505";1
"524424";"234";"506";1
"524643";"453";"506";1
"524765";"575";"506";1
"525072";"882";"506";1
"525765";"537";"507";1
"525972";"744";"507";1
"527056";"790";"508";1
"527191";"925";"508";1
"527420";"116";"509";1
"527494";"190";"509";1
"527891";"587";"509";1
"528017";"713";"509";1
"528119";"815";"509";1
"528284";"980";"509";1
"528443";"101";"510";1
"528489";"147";"510";1
"528889";"547";"510";1
"529192";"850";"510";1
"530850";"432";"512";1
"531244";"826";"512";1
"531654";"198";"513";1
"531803";"347";"513";1
"531991";"535";"513";1
"532417";"961";"513";1
"532455";"999";"513";1
"532766";"272";"514";1
"533064";"570";"514";1
"533209";"715";"514";1
"534082";"550";"515";1
"534307";"775";"515";1
"534589";"19";"516";1
"534801";"231";"516";1
"534835";"265";"516";1
"535171";"601";"516";1
"535193";"623";"516";1
"535852";"244";"517";1
"536584";"976";"517";1
"536913";"267";"518";1
"536962";"316";"518";1
"537148";"502";"518";1
"537466";"820";"518";1
"537918";"234";"519";1
"538259";"575";"519";1
"538296";"612";"519";1
"538769";"47";"520";1
"538919";"197";"520";1
"539183";"461";"520";1
"539626";"904";"520";1
"540039";"279";"521";1
"540308";"548";"521";1
"540676";"916";"521";1
"540754";"994";"521";1
"541069";"271";"522";1
"541930";"94";"523";1
"542895";"21";"524";1
"543991";"79";"525";1
"544134";"222";"525";1
"544196";"284";"525";1
"545239";"289";"526";1
"545270";"320";"526";1
"545321";"371";"526";1
"545620";"670";"526";1
"545816";"866";"526";1
"545907";"957";"526";1
"546014";"26";"527";1
"546044";"56";"527";1
"546115";"127";"527";1
"546243";"255";"527";1
"546965";"977";"527";1
"547119";"93";"528";1
"547241";"215";"528";1
"547323";"297";"528";1
"547881";"855";"528";1
"547919";"893";"528";1
"548305";"241";"529";1
"549307";"205";"530";1
"549334";"232";"530";1
"549364";"262";"530";1
"549385";"283";"530";1
"549474";"372";"530";1
"549485";"383";"530";1
"549769";"667";"530";1
"549878";"776";"530";1
"550030";"928";"530";1
"550365";"225";"531";1
"550846";"706";"531";1
"550891";"751";"531";1
"551339";"161";"532";1
"551423";"245";"532";1
"551590";"412";"532";1
"551734";"556";"532";1
"551744";"566";"532";1
"551796";"618";"532";1
"552152";"974";"532";1
"552809";"593";"533";1
"553305";"51";"534";1
"553329";"75";"534";1
"553594";"340";"534";1
"553598";"344";"534";1
"553897";"643";"534";1
"553903";"649";"534";1
"554065";"811";"534";1
"554128";"874";"534";1
"554249";"995";"534";1
"554327";"35";"535";1
"554594";"302";"535";1
"554630";"338";"535";1
"554746";"454";"535";1
"555063";"771";"535";1
"555143";"851";"535";1
"555769";"439";"536";1
"556056";"726";"536";1
"556379";"11";"537";1
"556489";"121";"537";1
"556627";"259";"537";1
"557063";"695";"537";1
"558664";"220";"539";1
"558957";"513";"539";1
"558959";"515";"539";1
"559582";"100";"540";1
"559591";"109";"540";1
"559632";"150";"540";1
"559736";"254";"540";1
"560144";"662";"540";1
"560448";"966";"540";1
"561330";"810";"541";1
"561523";"1003";"541";1
"561568";"10";"542";1
"561887";"329";"542";1
"562123";"565";"542";1
"562190";"632";"542";1
"562473";"915";"542";1
"562545";"987";"542";1
"562628";"32";"543";1
"562890";"294";"543";1
"562902";"306";"543";1
"562931";"335";"543";1
"563030";"434";"543";1
"563913";"279";"544";1
"564023";"389";"544";1
"564364";"730";"544";1
"564628";"994";"544";1
"564665";"1031";"544";1
"564724";"52";"545";1
"564968";"296";"545";1
"565027";"355";"545";1
"565375";"703";"545";1
"565691";"1019";"545";1
"566049";"339";"546";1
"566960";"212";"547";1
"567082";"334";"547";1
"567258";"510";"547";1
"567297";"549";"547";1
"567357";"609";"547";1
"567377";"629";"547";1
"567450";"702";"547";1
"567552";"804";"547";1
"567573";"825";"547";1
"567643";"895";"547";1
"567665";"917";"547";1
"569719";"895";"549";1
"570377";"515";"550";1
"570637";"775";"550";1
"571281";"381";"551";1
"571352";"452";"551";1
"571717";"817";"551";1
"572037";"99";"552";1
"572545";"607";"552";1
"573155";"179";"553";1
"573452";"476";"553";1
"573692";"716";"553";1
"574049";"35";"554";1
"574290";"276";"554";1
"574507";"493";"554";1
"574881";"867";"554";1
"575000";"986";"554";1
"575288";"236";"555";1
"575668";"616";"555";1
"575692";"640";"555";1
"575737";"685";"555";1
"575811";"759";"555";1
"576140";"50";"556";1
"576385";"295";"556";1
"576853";"763";"556";1
"577181";"53";"557";1
"578044";"916";"557";1
"578317";"151";"558";1
"578908";"742";"558";1
"578979";"813";"558";1
"579074";"908";"558";1
"579163";"997";"558";1
"579278";"74";"559";1
"579951";"747";"559";1
"580412";"170";"560";1
"580622";"380";"560";1
"580687";"445";"560";1
"582542";"224";"562";1
"582572";"254";"562";1
"582711";"393";"562";1
"582712";"394";"562";1
"582928";"610";"562";1
"584004";"648";"563";1
"584116";"760";"563";1
"584215";"859";"563";1
"584459";"65";"564";1
"584508";"114";"564";1
"585015";"621";"564";1
"585267";"873";"564";1
"585578";"146";"565";1
"585609";"177";"565";1
"585745";"313";"565";1
"586631";"161";"566";1
"586715";"245";"566";1
"587002";"532";"566";1
"587026";"556";"566";1
"587088";"618";"566";1
"587444";"974";"566";1
"587790";"282";"567";1
"588168";"660";"567";1
"588712";"166";"568";1
"588906";"360";"568";1
"588932";"386";"568";1
"589013";"467";"568";1
"589260";"714";"568";1
"589391";"845";"568";1
"590217";"633";"569";1
"590295";"711";"569";1
"590371";"787";"569";1
"590519";"935";"569";1
"590894";"272";"570";1
"591070";"448";"570";1
"591136";"514";"570";1
"591337";"715";"570";1
"591367";"745";"570";1
"591669";"9";"571";1
"592091";"431";"571";1
"592379";"719";"571";1
"592462";"802";"571";1
"593106";"408";"572";1
"593492";"794";"572";1
"593507";"809";"572";1
"594756";"1020";"573";1
"594759";"1023";"573";1
"594818";"44";"574";1
"595085";"311";"574";1
"595177";"403";"574";1
"595201";"427";"574";1
"595762";"988";"574";1
"596046";"234";"575";1
"596216";"404";"575";1
"596315";"503";"575";1
"596318";"506";"575";1
"596331";"519";"575";1
"596345";"533";"575";1
"596405";"593";"575";1
"596605";"793";"575";1
"596694";"882";"575";1
"597009";"159";"576";1
"597085";"235";"576";1
"597089";"239";"576";1
"597175";"325";"576";1
"597348";"498";"576";1
"597571";"721";"576";1
"597853";"1003";"576";1
"598384";"496";"577";1
"598691";"803";"577";1
"598851";"963";"577";1
"599152";"226";"578";1
"599416";"490";"578";1
"599599";"673";"578";1
"600007";"43";"579";1
"600224";"260";"579";1
"601147";"145";"580";1
"601249";"247";"580";1
"601700";"698";"580";1
"602001";"999";"580";1
"603778";"700";"582";1
"603800";"722";"582";1
"604201";"85";"583";1
"604715";"599";"583";1
"604781";"665";"583";1
"604791";"675";"583";1
"604862";"746";"583";1
"604920";"804";"583";1
"605019";"903";"583";1
"605387";"233";"584";1
"605625";"471";"584";1
"605994";"840";"584";1
"606137";"983";"584";1
"606277";"85";"585";1
"606383";"191";"585";1
"606556";"364";"585";1
"606583";"391";"585";1
"606587";"395";"585";1
"606774";"582";"585";1
"606914";"722";"585";1
"607063";"871";"585";1
"608168";"938";"586";1
"608276";"8";"587";1
"608913";"645";"587";1
"609586";"280";"588";1
"610318";"1012";"588";1
"610593";"249";"589";1
"610822";"478";"589";1
"611013";"669";"589";1
"611180";"836";"589";1
"611197";"853";"589";1
"611337";"993";"589";1
"611801";"419";"590";1
"612893";"473";"591";1
"613042";"622";"591";1
"613162";"742";"591";1
"613417";"997";"591";1
"613616";"158";"592";1
"613776";"318";"592";1
"613809";"351";"592";1
"613920";"462";"592";1
"614094";"636";"592";1
"614170";"712";"592";1
"614920";"424";"593";1
"615029";"533";"593";1
"615034";"538";"593";1
"615234";"738";"593";1
"615987";"453";"594";1
"616499";"965";"594";1
"616597";"25";"595";1
"617020";"448";"595";1
"617142";"570";"595";1
"617623";"13";"596";1
"617732";"122";"596";1
"617796";"186";"596";1
"617988";"378";"596";1
"618563";"953";"596";1
"618951";"303";"597";1
"619453";"805";"597";1
"619633";"985";"597";1
"619885";"199";"598";1
"620473";"787";"598";1
"620610";"924";"598";1
"620621";"935";"598";1
"620758";"34";"599";1
"620881";"157";"599";1
"620950";"226";"599";1
"620990";"266";"599";1
"621180";"456";"599";1
"621214";"490";"599";1
"621307";"583";"599";1
"621389";"665";"599";1
"621627";"903";"599";1
"622127";"365";"600";1
"622267";"505";"600";1
"622499";"737";"600";1
"622530";"768";"600";1
"622582";"820";"600";1
"623000";"200";"601";1
"623031";"231";"601";1
"623316";"516";"601";1
"623885";"47";"602";1
"624687";"849";"602";1
"625543";"667";"603";1
"625631";"755";"603";1
"625700";"824";"603";1
"626664";"750";"604";1
"626744";"830";"604";1
"627004";"52";"605";1
"627007";"55";"605";1
"627192";"240";"605";1
"627364";"412";"605";1
"627655";"703";"605";1
"627831";"879";"605";1
"627854";"902";"605";1
"628318";"328";"606";1
"628659";"669";"606";1
"628717";"727";"606";1
"629127";"99";"607";1
"629580";"552";"607";1
"630809";"743";"608";1
"632345";"203";"610";1
"632431";"289";"610";1
"632668";"526";"610";1
"632927";"785";"610";1
"633209";"29";"611";1
"634105";"925";"611";1
"634193";"1013";"611";1
"634856";"638";"612";1
"634902";"684";"612";1
"635193";"975";"612";1
"635384";"128";"613";1
"635568";"312";"613";1
"635875";"619";"613";1
"635935";"679";"613";1
"636183";"927";"613";1
"637227";"933";"614";1
"637246";"952";"614";1
"637264";"970";"614";1
"637319";"1025";"614";1
"637487";"155";"615";1
"638242";"910";"615";1
"638316";"984";"615";1
"638925";"555";"616";1
"639682";"274";"617";1
"639813";"405";"617";1
"641012";"566";"618";1
"641029";"583";"618";1
"641907";"423";"619";1
"642153";"669";"619";1
"642477";"993";"619";1
"642542";"20";"620";1
"642640";"118";"620";1
"642799";"277";"620";1
"642843";"321";"620";1
"642973";"451";"620";1
"643227";"705";"620";1
"643390";"868";"620";1
"643674";"114";"621";1
"644124";"564";"621";1
"645122";"524";"622";1
"645471";"873";"622";1
"645506";"908";"622";1
"646359";"723";"623";1
"646641";"1005";"623";1
"646658";"1022";"623";1
"647087";"413";"624";1
"647319";"645";"624";1
"647387";"713";"624";1
"647658";"984";"624";1
"648054";"342";"625";1
"648243";"531";"625";1
"648322";"610";"625";1
"648539";"827";"625";1
"648820";"70";"626";1
"649130";"380";"626";1
"649170";"420";"626";1
"649402";"652";"626";1
"650089";"301";"627";1
"650182";"394";"627";1
"650215";"427";"627";1
"650774";"986";"627";1
"651116";"290";"628";1
"651938";"74";"629";1
"652117";"253";"629";1
"652260";"396";"629";1
"652473";"609";"629";1
"652834";"970";"629";1
"652844";"980";"629";1
"652907";"5";"630";1
"653020";"118";"630";1
"653035";"133";"630";1
"653331";"429";"630";1
"653800";"898";"630";1
"654698";"758";"631";1
"654907";"967";"631";1
"655520";"542";"632";1
"655543";"565";"632";1
"655622";"644";"632";1
"655881";"903";"632";1
"655893";"915";"632";1
"656390";"374";"633";1
"656740";"724";"633";1
"656962";"946";"633";1
"657102";"48";"634";1
"657908";"854";"634";1
"657951";"897";"634";1
"658115";"23";"635";1
"658150";"58";"635";1
"658303";"211";"635";1
"658548";"456";"635";1
"658758";"666";"635";1
"658993";"901";"635";1
"659045";"953";"635";1
"659223";"93";"636";1
"659428";"298";"636";1
"659616";"486";"636";1
"659633";"503";"636";1
"659722";"592";"636";1
"659842";"712";"636";1
"659929";"799";"636";1
"659985";"855";"636";1
"660052";"922";"636";1
"660377";"209";"637";1
"660839";"671";"637";1
"661818";"612";"638";1
"661890";"684";"638";1
"662324";"80";"639";1
"662368";"124";"639";1
"662391";"147";"639";1
"662428";"184";"639";1
"662505";"261";"639";1
"662600";"356";"639";1
"662659";"415";"639";1
"662731";"487";"639";1
"663075";"831";"639";1
"663318";"36";"640";1
"663967";"685";"640";1
"664088";"806";"640";1
"664403";"83";"641";1
"664837";"517";"641";1
"665159";"839";"641";1
"665196";"876";"641";1
"665296";"976";"641";1
"665547";"189";"642";1
"665595";"237";"642";1
"666300";"942";"642";1
"667207";"811";"643";1
"667581";"147";"644";1
"667763";"329";"644";1
"667838";"404";"644";1
"667976";"542";"644";1
"668355";"921";"644";1
"668787";"315";"645";1
"669059";"587";"645";1
"669096";"624";"645";1
"669185";"713";"645";1
"669250";"778";"645";1
"669579";"69";"646";1
"670275";"765";"646";1
"671142";"594";"647";1
"671176";"628";"647";1
"671585";"1037";"647";1
"671813";"227";"648";1
"672149";"563";"648";1
"672346";"760";"648";1
"672445";"859";"648";1
"672921";"297";"649";1
"673267";"643";"649";1
"673615";"991";"649";1
"673648";"1024";"649";1
"673672";"10";"650";1
"673811";"149";"650";1
"673841";"179";"650";1
"674142";"480";"650";1
"674150";"488";"650";1
"674460";"798";"650";1
"674495";"833";"650";1
"675908";"170";"652";1
"676239";"501";"652";1
"676364";"626";"652";1
"676410";"672";"652";1
"676559";"821";"652";1
"676681";"943";"652";1
"676740";"1002";"652";1
"677119";"343";"653";1
"677219";"443";"653";1
"677235";"459";"653";1
"677689";"913";"653";1
"678674";"860";"654";1
"678950";"98";"655";1
"679616";"764";"655";1
"679988";"98";"656";1
"680168";"278";"656";1
"680246";"356";"656";1
"680279";"389";"656";1
"680283";"393";"656";1
"680811";"921";"656";1
"681180";"252";"657";1
"681930";"1002";"657";1
"681972";"6";"658";1
"682238";"272";"658";1
"682241";"275";"658";1
"682577";"611";"658";1
"682681";"715";"658";1
"682711";"745";"658";1
"682762";"796";"658";1
"683263";"259";"659";1
"683451";"447";"659";1
"683452";"448";"659";1
"683599";"595";"659";1
"683751";"747";"659";1
"683944";"940";"659";1
"684609";"567";"660";1
"685187";"107";"661";1
"685228";"148";"661";1
"685544";"464";"661";1
"686268";"150";"662";1
"686334";"216";"662";1
"686372";"254";"662";1
"686387";"269";"662";1
"686658";"540";"662";1
"686692";"574";"662";1
"686890";"772";"662";1
"686913";"795";"662";1
"686945";"827";"662";1
"687127";"1009";"662";1
"688374";"180";"664";1
"688413";"219";"664";1
"688432";"238";"664";1
"689074";"880";"664";1
"689156";"962";"664";1
"689172";"978";"664";1
"689443";"211";"665";1
"689688";"456";"665";1
"689815";"583";"665";1
"689907";"675";"665";1
"690135";"903";"665";1
"690293";"23";"666";1
"690409";"139";"666";1
"690905";"635";"666";1
"691705";"397";"667";1
"691761";"453";"667";1
"691838";"530";"667";1
"691911";"603";"667";1
"692063";"755";"667";1
"692210";"902";"667";1
"692304";"996";"667";1
"692369";"23";"668";1
"692783";"437";"668";1
"693027";"681";"668";1
"693291";"945";"668";1
"693712";"328";"669";1
"693973";"589";"669";1
"693990";"606";"669";1
"694003";"619";"669";1
"694111";"727";"669";1
"694156";"772";"669";1
"694436";"14";"670";1
"694793";"371";"670";1
"694864";"442";"670";1
"695669";"209";"671";1
"695747";"287";"671";1
"696097";"637";"671";1
"696555";"57";"672";1
"696999";"501";"672";1
"697124";"626";"672";1
"697150";"652";"672";1
"698026";"490";"673";1
"698135";"599";"673";1
"698711";"137";"674";1
"698835";"261";"674";1
"698870";"296";"674";1
"699503";"929";"674";1
"699545";"971";"674";1
"700159";"547";"675";1
"700358";"746";"675";1
"700363";"751";"675";1
"700416";"804";"675";1
"700515";"903";"675";1
"700663";"13";"676";1
"701124";"474";"676";1
"701246";"596";"676";1
"701330";"680";"676";1
"701586";"936";"676";1
"701701";"13";"677";1
"701769";"81";"677";1
"701874";"186";"677";1
"702364";"676";"677";1
"702641";"953";"677";1
"702966";"240";"678";1
"703203";"477";"678";1
"703308";"582";"678";1
"704419";"655";"679";1
"704528";"764";"679";1
"705180";"378";"680";1
"705478";"676";"680";1
"705738";"936";"680";1
"706277";"437";"681";1
"706508";"668";"681";1
"706785";"945";"681";1
"706880";"2";"682";1
"707046";"168";"682";1
"707261";"383";"682";1
"707324";"446";"682";1
"707970";"54";"683";1
"708348";"432";"683";1
"708428";"512";"683";1
"708727";"811";"683";1
"708742";"826";"683";1
"709085";"131";"684";1
"709592";"638";"684";1
"710228";"236";"685";1
"710509";"517";"685";1
"710547";"555";"685";1
"710608";"616";"685";1
"710632";"640";"685";1
"711180";"150";"686";1
"711244";"214";"686";1
"711766";"736";"686";1
"711818";"788";"686";1
"712452";"384";"687";1
"712986";"918";"687";1
"713546";"440";"688";1
"713643";"537";"688";1
"714075";"969";"688";1
"714577";"433";"689";1
"714668";"524";"689";1
"714972";"828";"689";1
"714996";"852";"689";1
"716120";"938";"690";1
"716322";"102";"691";1
"716523";"303";"691";1
"716955";"735";"691";1
"717188";"968";"691";1
"717382";"124";"692";1
"717488";"230";"692";1
"717526";"268";"692";1
"718039";"781";"692";1
"718146";"888";"692";1
"718859";"563";"693";1
"718944";"648";"693";1
"719054";"758";"693";1
"719056";"760";"693";1
"719138";"842";"693";1
"719155";"859";"693";1
"719740";"406";"694";1
"720383";"11";"695";1
"720512";"140";"695";1
"720631";"259";"695";1
"720760";"388";"695";1
"721541";"131";"696";1
"722116";"706";"696";1
"723168";"720";"697";1
"723231";"783";"697";1
"723955";"469";"698";1
"724358";"872";"698";1
"724503";"1017";"698";1
"724767";"243";"699";1
"724860";"336";"699";1
"724899";"375";"699";1
"725455";"931";"699";1
"725726";"164";"700";1
"725774";"212";"700";1
"725809";"247";"700";1
"725921";"359";"700";1
"726899";"299";"701";1
"728057";"419";"702";1
"728185";"547";"702";1
"728228";"590";"702";1
"728247";"609";"702";1
"728267";"629";"702";1
"728898";"222";"703";1
"729221";"545";"703";1
"729281";"605";"703";1
"729555";"879";"703";1
"729840";"126";"704";1
"729896";"182";"704";1
"730018";"304";"704";1
"730101";"387";"704";1
"730552";"838";"704";1
"730556";"842";"704";1
"730703";"989";"704";1
"730800";"48";"705";1
"731052";"300";"705";1
"731257";"505";"705";1
"731352";"600";"705";1
"731489";"737";"705";1
"731633";"881";"705";1
"731649";"897";"705";1
"731944";"154";"706";1
"732015";"225";"706";1
"732321";"531";"706";1
"732486";"696";"706";1
"732541";"751";"706";1
"732701";"911";"706";1
"732887";"59";"707";1
"733351";"523";"707";1
"733698";"870";"707";1
"733703";"875";"707";1
"733971";"105";"708";1
"734121";"255";"708";1
"734778";"912";"708";1
"735106";"202";"709";1
"736309";"367";"710";1
"737202";"222";"711";1
"737549";"569";"711";1
"737844";"864";"711";1
"738336";"318";"712";1
"738480";"462";"712";1
"738610";"592";"712";1
"738654";"636";"712";1
"739643";"587";"713";1
"739701";"645";"713";1
"739905";"849";"713";1
"740561";"467";"714";1
"741407";"275";"715";1
"741578";"446";"715";1
"741790";"658";"715";1
"741877";"745";"715";1
"741928";"796";"715";1
"742208";"38";"716";1
"742349";"179";"716";1
"742366";"196";"716";1
"742913";"743";"716";1
"743212";"4";"717";1
"743251";"43";"717";1
"743403";"195";"717";1
"743408";"200";"717";1
"743656";"448";"717";1
"744037";"829";"717";1
"744317";"71";"718";1
"744458";"212";"718";1
"744939";"693";"718";1
"745088";"842";"718";1
"746532";"210";"720";1
"747019";"697";"720";1
"747105";"783";"720";1
"747858";"498";"721";1
"748875";"477";"722";1
"748980";"582";"722";1
"749930";"494";"723";1
"750059";"623";"723";1
"750458";"1022";"723";1
"751107";"633";"724";1
"751420";"946";"724";1
"751434";"960";"724";1
"751710";"198";"725";1
"751793";"281";"725";1
"751849";"337";"725";1
"751932";"420";"725";1
"752733";"183";"726";1
"752989";"439";"726";1
"753086";"536";"726";1
"753899";"311";"727";1
"754162";"574";"727";1
"754342";"754";"727";1
"755007";"381";"728";1
"755078";"452";"728";1
"755177";"551";"728";1
"755443";"817";"728";1
"755852";"188";"729";1
"756017";"353";"729";1
"756356";"692";"729";1
"756445";"781";"729";1
"757246";"544";"730";1
"757259";"557";"730";1
"757715";"1013";"730";1
"757733";"1031";"730";1
"758520";"780";"731";1
"758539";"799";"731";1
"758662";"922";"731";1
"758895";"117";"732";1
"758960";"182";"732";1
"759138";"360";"732";1
"759250";"472";"732";1
"759275";"497";"732";1
"759549";"771";"732";1
"759972";"156";"733";1
"760037";"221";"733";1
"760700";"884";"733";1
"760771";"955";"733";1
"762489";"597";"735";1
"762583";"691";"735";1
"763071";"141";"736";1
"763181";"251";"736";1
"763616";"686";"736";1
"763878";"948";"736";1
"764268";"300";"737";1
"764473";"505";"737";1
"764568";"600";"737";1
"764736";"768";"737";1
"765293";"287";"738";1
"766071";"27";"739";1
"766300";"256";"739";1
"766355";"311";"739";1
"766633";"589";"739";1
"766816";"772";"739";1
"766974";"930";"739";1
"767037";"993";"739";1
"767255";"173";"740";1
"767579";"497";"740";1
"767663";"581";"740";1
"768123";"3";"741";1
"768521";"401";"741";1
"768930";"810";"741";1
"769252";"94";"742";1
"769309";"151";"742";1
"769716";"558";"742";1
"770066";"908";"742";1
"770234";"38";"743";1
"770392";"196";"743";1
"770804";"608";"743";1
"770912";"716";"743";1
"771110";"914";"743";1
"771355";"121";"744";1
"771412";"178";"744";1
"771771";"537";"744";1
"772297";"25";"745";1
"772544";"272";"745";1
"772547";"275";"745";1
"772786";"514";"745";1
"772842";"570";"745";1
"772930";"658";"745";1
"772987";"715";"745";1
"773068";"796";"745";1
"773689";"379";"746";1
"773985";"675";"746";1
"774114";"804";"746";1
"774216";"906";"746";1
"774794";"446";"747";1
"774862";"514";"747";1
"774907";"559";"747";1
"775599";"213";"748";1
"775689";"303";"748";1
"775856";"470";"748";1
"776049";"663";"748";1
"776120";"734";"748";1
"776545";"121";"749";1
"777168";"744";"749";1
"777291";"867";"749";1
"777318";"894";"749";1
"777526";"64";"750";1
"777944";"482";"750";1
"778066";"604";"750";1
"778292";"830";"750";1
"778725";"225";"751";1
"779031";"531";"751";1
"779196";"696";"751";1
"779206";"706";"751";1
"780025";"487";"752";1
"780559";"1021";"752";1
"780575";"1037";"752";1
"780615";"39";"753";1
"780699";"123";"753";1
"781170";"594";"753";1
"781207";"631";"753";1
"781280";"704";"753";1
"781334";"758";"753";1
"781414";"838";"753";1
"781629";"15";"754";1
"781925";"311";"754";1
"782041";"427";"754";1
"783156";"504";"755";1
"783495";"843";"755";1
"783833";"143";"756";1
"784416";"726";"756";1
"784530";"840";"756";1
"784649";"959";"756";1
"784673";"983";"756";1
"784936";"208";"757";1
"785120";"392";"757";1
"785425";"697";"757";1
"785610";"882";"757";1
"785637";"909";"757";1
"786414";"648";"758";1
"786459";"693";"758";1
"786625";"859";"758";1
"786906";"102";"759";1
"786933";"129";"759";1
"787539";"735";"759";1
"787765";"961";"759";1
"789082";"202";"761";1
"789363";"483";"761";1
"789589";"709";"761";1
"789702";"822";"761";1
"789982";"64";"762";1
"790076";"158";"762";1
"790184";"266";"762";1
"790329";"411";"762";1
"790862";"944";"762";1
"791006";"50";"763";1
"791512";"556";"763";1
"792092";"98";"764";1
"792649";"655";"764";1
"793086";"54";"765";1
"793678";"646";"765";1
"793843";"811";"765";1
"794187";"117";"766";1
"794841";"771";"766";1
"795200";"92";"767";1
"795434";"326";"767";1
"795500";"392";"767";1
"796446";"300";"768";1
"796651";"505";"768";1
"796688";"542";"768";1
"796883";"737";"768";1
"796904";"758";"768";1
"797224";"40";"769";1
"797227";"43";"769";1
"797423";"239";"769";1
"797444";"260";"769";1
"797682";"498";"769";1
"797763";"579";"769";1
"797966";"782";"769";1
"798138";"954";"769";1
"799114";"892";"770";1
"799344";"84";"771";1
"799405";"145";"771";1
"799598";"338";"771";1
"799714";"454";"771";1
"799775";"515";"771";1
"799799";"539";"771";1
"799872";"612";"771";1
"800115";"855";"771";1
"800129";"869";"771";1
"800325";"27";"772";1
"800567";"269";"772";1
"800626";"328";"772";1
"800887";"589";"772";1
"800904";"606";"772";1
"800917";"619";"772";1
"800967";"669";"772";1
"801037";"739";"772";1
"801228";"930";"772";1
"801386";"50";"773";1
"801410";"74";"773";1
"801658";"322";"773";1
"801694";"358";"773";1
"801732";"396";"773";1
"801772";"436";"773";1
"801965";"629";"773";1
"802038";"702";"773";1
"803297";"923";"774";1
"803927";"515";"775";1
"803962";"550";"775";1
"804532";"82";"776";1
"804667";"217";"776";1
"804829";"379";"776";1
"805529";"41";"777";1
"805611";"123";"777";1
"805651";"163";"777";1
"805973";"485";"777";1
"806082";"594";"777";1
"806642";"116";"778";1
"806716";"190";"778";1
"806866";"340";"778";1
"807155";"629";"778";1
"807312";"786";"778";1
"807506";"980";"778";1
"807521";"995";"778";1
"808576";"1012";"779";1
"808900";"298";"780";1
"809333";"731";"780";1
"809695";"55";"781";1
"810369";"729";"781";1
"810542";"902";"781";1
"810606";"966";"781";1
"810808";"130";"782";1
"812413";"697";"783";1
"812436";"720";"783";1
"813335";"581";"784";1
"813995";"203";"785";1
"814081";"289";"785";1
"814112";"320";"785";1
"814344";"552";"785";1
"814402";"610";"785";1
"814462";"670";"785";1
"814927";"97";"786";1
"815930";"62";"787";1
"816114";"246";"787";1
"816303";"435";"787";1
"816437";"569";"787";1
"816466";"598";"787";1
"816579";"711";"787";1
"816803";"935";"787";1
"817423";"517";"788";1
"817510";"604";"788";1
"817546";"640";"788";1
"818131";"187";"789";1
"819061";"79";"790";1
"819490";"508";"790";1
"819907";"925";"790";1
"821074";"16";"792";1
"821196";"138";"792";1
"821286";"228";"792";1
"821308";"250";"792";1
"821526";"468";"792";1
"822689";"593";"793";1
"823542";"408";"794";1
"823552";"418";"794";1
"823706";"572";"794";1
"824275";"103";"795";1
"824333";"161";"795";1
"824417";"245";"795";1
"824467";"295";"795";1
"824602";"430";"795";1
"825198";"1026";"795";1
"825485";"275";"796";1
"825955";"745";"796";1
"826173";"963";"796";1
"827109";"861";"797";1
"827210";"962";"797";1
"827324";"38";"798";1
"827774";"488";"798";1
"828200";"914";"798";1
"828517";"193";"799";1
"828806";"482";"799";1
"828960";"636";"799";1
"829104";"780";"799";1
"829143";"819";"799";1
"829246";"922";"799";1
"829401";"39";"800";1
"829993";"631";"800";1
"830129";"767";"800";1
"830538";"138";"801";1
"830692";"292";"801";1
"832009";"571";"802";1
"832633";"157";"803";1
"833139";"663";"803";1
"833893";"379";"804";1
"834061";"547";"804";1
"834097";"583";"804";1
"834189";"675";"804";1
"834260";"746";"804";1
"835530";"978";"805";1
"835862";"272";"806";1
"835937";"347";"806";1
"836320";"730";"806";1
"836685";"57";"807";1
"836758";"130";"807";1
"836780";"152";"807";1
"836888";"260";"807";1
"837578";"950";"807";1
"837792";"126";"808";1
"838370";"704";"808";1
"838655";"989";"808";1
"839112";"408";"809";1
"839276";"572";"809";1
"839498";"794";"809";1
"840111";"369";"810";1
"840283";"541";"810";1
"840483";"741";"810";1
"840711";"969";"810";1
"840831";"51";"811";1
"841423";"643";"811";1
"841545";"765";"811";1
"841771";"991";"811";1
"841870";"52";"812";1
"842164";"346";"812";1
"842837";"1019";"812";1
"843129";"273";"813";1
"843414";"558";"813";1
"843802";"946";"813";1
"843811";"955";"813";1
"843900";"6";"814";1
"844333";"439";"814";1
"844364";"470";"814";1
"844386";"492";"814";1
"844430";"536";"814";1
"844620";"726";"814";1
"844834";"940";"814";1
"845211";"279";"815";1
"846207";"237";"816";1
"846277";"307";"816";1
"846280";"310";"816";1
"846309";"339";"816";1
"846516";"546";"816";1
"846708";"738";"816";1
"846801";"831";"816";1
"847389";"381";"817";1
"847460";"452";"817";1
"847559";"551";"817";1
"847736";"728";"817";1
"847886";"878";"817";1
"848226";"180";"818";1
"849699";"615";"819";1
"849796";"712";"819";1
"849864";"780";"819";1
"849883";"799";"819";1
"849907";"823";"819";1
"850388";"266";"820";1
"850471";"349";"820";1
"850536";"414";"820";1
"850708";"586";"820";1
"850722";"600";"820";1
"851003";"881";"820";1
"851288";"128";"821";1
"851301";"141";"821";1
"852103";"943";"821";1
"852365";"167";"822";1
"852433";"235";"822";1
"852959";"761";"822";1
"853198";"1000";"822";1
"853203";"1005";"822";1
"853588";"352";"823";1
"854055";"819";"823";1
"854877";"603";"824";1
"855659";"347";"825";1
"856116";"804";"825";1
"856404";"54";"826";1
"856782";"432";"826";1
"856810";"460";"826";1
"858397";"1009";"827";1
"858521";"95";"828";1
"858859";"433";"828";1
"859115";"689";"828";1
"859278";"852";"828";1
"859345";"919";"828";1
"859468";"4";"829";1
"859507";"43";"829";1
"860043";"579";"829";1
"860181";"717";"829";1
"860566";"64";"830";1
"860636";"134";"830";1
"861106";"604";"830";1
"861603";"63";"831";1
"861777";"237";"831";1
"861827";"287";"831";1
"861850";"310";"831";1
"861879";"339";"831";1
"862043";"503";"831";1
"862182";"642";"831";1
"862278";"738";"831";1
"862468";"928";"831";1
"862645";"67";"832";1
"863762";"146";"833";1
"863929";"313";"833";1
"864266";"650";"833";1
"864728";"74";"834";1
"864907";"253";"834";1
"865012";"358";"834";1
"865050";"396";"834";1
"865345";"691";"834";1
"867110";"380";"836";1
"867805";"37";"837";1
"867833";"65";"837";1
"867977";"209";"837";1
"867983";"215";"837";1
"868061";"293";"837";1
"868405";"637";"837";1
"868538";"770";"837";1
"868660";"892";"837";1
"868883";"77";"838";1
"869927";"83";"839";1
"870186";"342";"839";1
"870361";"517";"839";1
"870485";"641";"839";1
"870700";"856";"839";1
"870720";"876";"839";1
"870820";"976";"839";1
"871533";"651";"840";1
"871865";"983";"840";1
"871982";"62";"841";1
"872080";"160";"841";1
"872355";"435";"841";1
"872362";"442";"841";1
"872707";"787";"841";1
"872786";"866";"841";1
"872837";"917";"841";1
"873262";"304";"842";1
"873651";"693";"842";1
"873852";"894";"842";1
"874751";"755";"843";1
"875268";"234";"844";1
"875916";"882";"844";1
"876612";"540";"845";1
"876947";"875";"845";1
"877020";"948";"845";1
"877302";"192";"846";1
"877398";"288";"846";1
"877451";"341";"846";1
"877894";"784";"846";1
"878163";"15";"847";1
"878551";"403";"847";1
"879193";"7";"848";1
"879349";"163";"848";1
"879383";"197";"848";1
"879470";"284";"848";1
"879596";"410";"848";1
"879677";"491";"848";1
"879994";"808";"848";1
"880035";"849";"848";1
"880634";"410";"849";1
"880715";"491";"849";1
"880826";"602";"849";1
"880937";"713";"849";1
"881072";"848";"849";1
"881610";"348";"850";1
"881618";"356";"850";1
"881772";"510";"850";1
"882335";"35";"851";1
"882498";"198";"851";1
"882638";"338";"851";1
"882754";"454";"851";1
"882835";"535";"851";1
"883432";"94";"852";1
"883433";"95";"852";1
"883851";"513";"852";1
"884027";"689";"852";1
"884293";"955";"852";1
"884625";"249";"853";1
"884854";"478";"853";1
"884965";"589";"853";1
"886048";"634";"854";1
"886396";"982";"854";1
"886856";"404";"855";1
"886980";"528";"855";1
"887208";"756";"855";1
"887345";"893";"855";1
"888131";"641";"856";1
"888175";"685";"856";1
"888385";"895";"856";1
"888390";"900";"856";1
"889017";"489";"857";1
"889024";"496";"857";1
"889588";"22";"858";1
"889598";"32";"858";1
"890060";"494";"858";1
"890289";"723";"858";1
"891297";"693";"859";1
"891684";"42";"860";1
"892183";"541";"860";1
"892296";"654";"860";1
"892704";"24";"861";1
"892790";"110";"861";1
"893380";"700";"861";1
"893477";"797";"861";1
"893721";"3";"862";1
"893815";"97";"862";1
"893956";"238";"862";1
"894144";"426";"862";1
"894646";"928";"862";1
"895083";"327";"863";1
"895191";"435";"863";1
"895743";"987";"863";1
"896074";"280";"864";1
"896363";"569";"864";1
"896427";"633";"864";1
"896505";"711";"864";1
"896573";"779";"864";1
"896781";"987";"864";1
"896977";"145";"865";1
"897038";"206";"865";1
"897052";"220";"865";1
"897253";"421";"865";1
"897750";"918";"865";1
"898116";"246";"866";1
"898711";"841";"866";1
"899281";"373";"867";1
"899374";"466";"867";1
"899650";"742";"867";1
"899894";"986";"867";1
"899905";"997";"867";1
"900442";"496";"868";1
"900680";"734";"868";1
"900897";"951";"868";1
"901014";"30";"869";1
"901159";"175";"869";1
"901513";"529";"869";1
"902213";"191";"870";1
"902545";"523";"870";1
"902669";"647";"870";1
"902729";"707";"870";1
"904637";"539";"872";1
"905115";"1017";"872";1
"905201";"65";"873";1
"905250";"114";"873";1
"905700";"564";"873";1
"905758";"622";"873";1
"906021";"885";"873";1
"906104";"968";"873";1
"906387";"213";"874";1
"906708";"534";"874";1
"906960";"786";"874";1
"907169";"995";"874";1
"907265";"53";"875";1
"907575";"363";"875";1
"908057";"845";"875";1
"908333";"83";"876";1
"908767";"517";"876";1
"908891";"641";"876";1
"908935";"685";"876";1
"909089";"839";"876";1
"909106";"856";"876";1
"909150";"900";"876";1
"909226";"976";"876";1
"910830";"504";"878";1
"911081";"755";"878";1
"911169";"843";"878";1
"911299";"973";"878";1
"911719";"355";"879";1
"911909";"545";"879";1
"911929";"565";"879";1
"911969";"605";"879";1
"912067";"703";"879";1
"912640";"238";"880";1
"913066";"664";"880";1
"913285";"883";"880";1
"913569";"129";"881";1
"914208";"768";"881";1
"914686";"208";"882";1
"914917";"439";"882";1
"914922";"444";"882";1
"914984";"506";"882";1
"914997";"519";"882";1
"915014";"536";"882";1
"915235";"757";"882";1
"915459";"981";"882";1
"915754";"238";"883";1
"915756";"240";"883";1
"916396";"880";"883";1
"916401";"885";"883";1
"916484";"968";"883";1
"916710";"156";"884";1
"916775";"221";"884";1
"916816";"262";"884";1
"916846";"292";"884";1
"917287";"733";"884";1
"918465";"873";"885";1
"918904";"274";"886";1
"919028";"398";"886";1
"919035";"405";"886";1
"919247";"617";"886";1
"919689";"21";"887";1
"920108";"440";"887";1
"920356";"688";"887";1
"920729";"23";"888";1
"921134";"428";"888";1
"921143";"437";"888";1
"921374";"668";"888";1
"921822";"78";"889";1
"922141";"397";"889";1
"922740";"996";"889";1
"923024";"242";"890";1
"923089";"307";"890";1
"924051";"231";"891";1
"924177";"357";"891";1
"924443";"623";"891";1
"924842";"1022";"891";1
"925628";"770";"892";1
"925989";"93";"893";1
"926111";"215";"893";1
"926389";"493";"893";1
"926424";"528";"893";1
"926751";"855";"893";1
"927055";"121";"894";1
"927683";"749";"894";1
"927779";"845";"894";1
"928498";"526";"895";1
"928519";"547";"895";1
"928521";"549";"895";1
"928581";"609";"895";1
"929036";"26";"896";1
"929137";"127";"896";1
"929170";"160";"896";1
"930868";"820";"897";1
"930986";"938";"897";1
"931219";"133";"898";1
"931486";"400";"898";1
"932041";"955";"898";1
"932300";"176";"899";1
"932390";"266";"899";1
"932533";"409";"899";1
"932600";"476";"899";1
"932978";"854";"899";1
"934258";"58";"901";1
"934411";"211";"901";1
"934657";"457";"901";1
"934674";"474";"901";1
"934835";"635";"901";1
"935149";"949";"901";1
"935289";"51";"902";1
"935443";"205";"902";1
"935470";"232";"902";1
"935843";"605";"902";1
"935905";"667";"902";1
"936019";"781";"902";1
"936493";"217";"903";1
"936658";"382";"903";1
"936908";"632";"903";1
"936941";"665";"903";1
"937511";"197";"904";1
"938689";"337";"905";1
"939077";"725";"905";1
"939197";"845";"905";1
"939300";"948";"905";1
"939769";"379";"906";1
"940136";"746";"906";1
"940898";"470";"907";1
"940939";"511";"907";1
"942024";"558";"908";1
"942463";"997";"908";1
"942570";"66";"909";1
"942647";"143";"909";1
"943697";"155";"910";1
"943955";"413";"910";1
"944157";"615";"910";1
"944526";"984";"910";1
"945403";"823";"911";1
"945723";"105";"912";1
"946999";"343";"913";1
"947099";"443";"913";1
"947115";"459";"913";1
"947309";"653";"913";1
"947732";"38";"914";1
"947870";"176";"914";1
"948170";"476";"914";1
"948247";"553";"914";1
"948492";"798";"914";1
"948548";"854";"914";1
"948593";"899";"914";1
"948676";"982";"914";1
"949364";"632";"915";1
"949376";"644";"915";1
"949823";"53";"916";1
"950217";"447";"916";1
"950291";"521";"916";1
"950318";"548";"916";1
"950764";"994";"916";1
"950909";"101";"917";1
"951142";"334";"917";1
"951288";"480";"917";1
"951468";"660";"917";1
"951633";"825";"917";1
"951703";"895";"917";1
"951741";"933";"917";1
"951991";"145";"918";1
"952052";"206";"918";1
"952230";"384";"918";1
"952533";"687";"918";1
"952711";"865";"918";1
"952836";"990";"918";1
"953937";"15";"920";1
"953983";"61";"920";1
"954526";"604";"920";1
"954769";"847";"920";1
"955148";"188";"921";1
"955289";"329";"921";1
"955616";"656";"921";1
"956634";"636";"922";1
"956729";"731";"922";1
"956778";"780";"922";1
"956797";"799";"922";1
"957240";"204";"923";1
"958104";"30";"924";1
"958429";"355";"924";1
"958951";"877";"924";1
"959009";"935";"924";1
"959481";"369";"925";1
"960434";"284";"926";1
"960858";"708";"926";1
"960950";"800";"926";1
"961083";"933";"926";1
"961867";"679";"927";1
"962287";"61";"928";1
"962556";"330";"928";1
"962651";"425";"928";1
"963441";"177";"929";1
"963560";"296";"929";1
"963668";"404";"929";1
"963938";"674";"929";1
"964235";"971";"929";1
"964329";"27";"930";1
"964435";"133";"930";1
"965041";"739";"930";1
"965074";"772";"930";1
"965295";"993";"930";1
"965311";"1009";"930";1
"965715";"375";"931";1
"965833";"493";"931";1
"966298";"958";"931";1
"966809";"431";"932";1
"967097";"719";"932";1
"967517";"101";"933";1
"968030";"614";"933";1
"968216";"800";"933";1
"968342";"926";"933";1
"968514";"60";"934";1
"969269";"815";"934";1
"969522";"30";"935";1
"969714";"222";"935";1
"969829";"337";"935";1
"970061";"569";"935";1
"970090";"598";"935";1
"970279";"787";"935";1
"970369";"877";"935";1
"970416";"924";"935";1
"970908";"378";"936";1
"971126";"596";"936";1
"971207";"677";"936";1
"971210";"680";"936";1
"971812";"244";"937";1
"973192";"586";"938";1
"973296";"690";"938";1
"973503";"897";"938";1
"973658";"14";"939";1
"973735";"91";"939";1
"974773";"91";"940";1
"975123";"441";"940";1
"975174";"492";"940";1
"975383";"701";"940";1
"975496";"814";"940";1
"976258";"538";"941";1
"976764";"6";"942";1
"976941";"183";"942";1
"976947";"189";"942";1
"977295";"537";"942";1
"977400";"642";"942";1
"978617";"821";"943";1
"978898";"64";"944";1
"978992";"158";"944";1
"979245";"411";"944";1
"979596";"762";"944";1
"980383";"511";"945";1
"980553";"681";"945";1
"980902";"1030";"945";1
"981543";"633";"946";1
"981634";"724";"946";1
"981902";"992";"946";1
"983127";"141";"948";1
"983237";"251";"948";1
"983272";"286";"948";1
"983348";"362";"948";1
"983831";"845";"948";1
"983891";"905";"948";1
"984082";"58";"949";1
"984402";"378";"949";1
"984481";"457";"949";1
"984498";"474";"949";1
"984687";"663";"949";1
"984758";"734";"949";1
"984925";"901";"949";1
"985094";"32";"950";1
"985397";"335";"950";1
"985920";"858";"950";1
"986137";"37";"951";1
"986393";"293";"951";1
"986737";"637";"951";1
"986968";"868";"951";1
"986992";"892";"951";1
"987154";"16";"952";1
"987843";"705";"952";1
"988071";"933";"952";1
"988108";"970";"952";1
"988118";"980";"952";1
"988145";"1007";"952";1
"988259";"83";"953";1
"988362";"186";"953";1
"988593";"417";"953";1
"988811";"635";"953";1
"988853";"677";"953";1
"989233";"19";"954";1
"989254";"40";"954";1
"989373";"159";"954";1
"989868";"654";"954";1
"989935";"721";"954";1
"989983";"769";"954";1
"990525";"273";"955";1
"990985";"733";"955";1
"991065";"813";"955";1
"991475";"185";"956";1
"991581";"291";"956";1
"991612";"322";"956";1
"992038";"748";"956";1
"992275";"985";"956";1
"992410";"82";"957";1
"992488";"160";"957";1
"992616";"288";"957";1
"993153";"825";"957";1
"993326";"998";"957";1
"993595";"229";"958";1
"995694";"252";"960";1
"995842";"400";"960";1
"995869";"427";"960";1
"996049";"607";"960";1
"996069";"627";"960";1
"996099";"657";"960";1
"996444";"1002";"960";1
"996536";"56";"961";1
"996580";"100";"961";1
"996949";"469";"961";1
"996993";"513";"961";1
"997015";"535";"961";1
"997019";"539";"961";1
"997479";"999";"961";1
"998315";"797";"962";1
"999493";"937";"963";1
"999768";"174";"964";1
"999902";"308";"964";1
"999906";"312";"964";1
"999995";"401";"964";1
"1000579";"985";"964";1
"1000673";"41";"965";1
"1000755";"123";"965";1
"1000795";"163";"965";1
"1000922";"290";"965";1
"1001499";"867";"965";1
"1001770";"100";"966";1
"1001779";"109";"966";1
"1003879";"133";"968";1
"1003986";"240";"968";1
"1005224";"440";"969";1
"1005472";"688";"969";1
"1005671";"887";"969";1
"1006239";"417";"970";1
"1006436";"614";"970";1
"1006717";"895";"970";1
"1007006";"146";"971";1
"1007504";"644";"971";1
"1007789";"929";"971";1
"1009298";"362";"973";1
"1009333";"397";"973";1
"1009932";"996";"973";1
"1010128";"154";"974";1
"1010135";"161";"974";1
"1010219";"245";"974";1
"1010506";"532";"974";1
"1010540";"566";"974";1
"1010592";"618";"974";1
"1011314";"302";"975";1
"1011768";"756";"975";1
"1012133";"83";"976";1
"1012321";"271";"976";1
"1012691";"641";"976";1
"1012889";"839";"976";1
"1012906";"856";"976";1
"1012926";"876";"976";1
"1013114";"26";"977";1
"1013215";"127";"977";1
"1013615";"527";"977";1
"1013984";"896";"977";1
"1014345";"219";"978";1
"1014857";"731";"978";1
"1014931";"805";"978";1
"1015594";"430";"979";1
"1016101";"937";"979";1
"1016262";"60";"980";1
"1016392";"190";"980";1
"1017136";"934";"980";1
"1017474";"234";"981";1
"1017815";"575";"981";1
"1018084";"844";"981";1
"1018122";"882";"981";1
"1018454";"176";"982";1
"1018651";"373";"982";1
"1018754";"476";"982";1
"1018912";"634";"982";1
"1019098";"820";"982";1
"1019132";"854";"982";1
"1019177";"899";"982";1
"1019192";"914";"982";1
"1019379";"63";"983";1
"1019470";"154";"983";1
"1019761";"445";"983";1
"1019848";"532";"983";1
"1020072";"756";"983";1
"1020156";"840";"983";1
"1020275";"959";"983";1
"1020290";"974";"983";1
"1020509";"155";"984";1
"1020767";"413";"984";1
"1020969";"615";"984";1
"1020978";"624";"984";1
"1021173";"819";"984";1
"1021264";"910";"984";1
"1021366";"1012";"984";1
"1021577";"185";"985";1
"1021989";"597";"985";1
"1022335";"943";"985";1
"1022348";"956";"985";1
"1022356";"964";"985";1
"1022708";"278";"986";1
"1022731";"301";"986";1
"1022895";"465";"986";1
"1023478";"10";"987";1
"1023690";"222";"987";1
"1023858";"390";"987";1
"1024332";"864";"987";1
"1024791";"285";"988";1
"1024913";"407";"988";1
"1025670";"126";"989";1
"1026248";"704";"989";1
"1026382";"838";"989";1
"1026438";"894";"989";1
"1026802";"220";"990";1
"1027048";"466";"990";1
"1027447";"865";"990";1
"1027917";"297";"991";1
"1028269";"649";"991";1
"1028431";"811";"991";1
"1028797";"139";"992";1
"1029291";"633";"992";1
"1029382";"724";"992";1
"1029604";"946";"992";1
"1029965";"269";"993";1
"1030787";"53";"994";1
"1031181";"447";"994";1
"1031255";"521";"994";1
"1031650";"916";"994";1
"1032116";"344";"995";1
"1032272";"500";"995";1
"1032306";"534";"995";1
"1032646";"874";"995";1
"1032834";"24";"996";1
"1033207";"397";"996";1
"1033413";"603";"996";1
"1033699";"889";"996";1
"1033783";"973";"996";1
"1034402";"554";"997";1
"1034406";"558";"997";1
"1034439";"591";"997";1
"1034470";"622";"997";1
"1034756";"908";"997";1
"1034794";"946";"997";1
"1035227";"341";"998";1
"1035670";"784";"998";1
"1035687";"801";"998";1
"1036345";"421";"999";1
"1037723";"761";"1000";1
"1037784";"822";"1000";1
"1038140";"140";"1001";1
"1038315";"315";"1001";1
"1039290";"252";"1002";1
"1039690";"652";"1002";1
"1039695";"657";"1002";1
"1039998";"960";"1002";1
"1040617";"541";"1003";1
"1040652";"576";"1003";1
"1041114";"1038";"1003";1
"1042458";"306";"1005";1
"1042650";"498";"1005";1
"1043043";"891";"1005";1
"1044201";"1011";"1006";1
"1044205";"1015";"1006";1
"1044208";"1018";"1006";1
"1045236";"1008";"1007";1
"1045238";"1010";"1007";1
"1045244";"1016";"1007";1
"1045248";"1020";"1007";1
"1045251";"1023";"1007";1
"1048356";"1014";"1010";1
"1049296";"916";"1011";1
"1049386";"1006";"1011";1
"1049398";"1018";"1011";1
"1049698";"280";"1012";1
"1050006";"588";"1012";1
"1050129";"711";"1012";1
"1051067";"611";"1013";1
"1051464";"1008";"1013";1
"1051479";"1023";"1013";1
"1051481";"1025";"1013";1
"1051489";"1033";"1013";1
"1051490";"1034";"1013";1
"1051969";"475";"1014";1
"1052504";"1010";"1014";1
"1053535";"1003";"1015";1
"1053538";"1006";"1015";1
"1053550";"1018";"1015";1
"1053567";"1035";"1015";1
"1053570";"1038";"1015";1
"1054577";"1007";"1016";1
"1054578";"1008";"1016";1
"1054593";"1023";"1016";1
"1054598";"1028";"1016";1
"1054606";"1036";"1016";1
"1055147";"539";"1017";1
"1055480";"872";"1017";1
"1056652";"1006";"1018";1
"1056657";"1011";"1018";1
"1056661";"1015";"1018";1
"1056681";"1035";"1018";1
"1057011";"327";"1019";1
"1057030";"346";"1019";1
"1057496";"812";"1019";1
"1058729";"1007";"1020";1
"1058750";"1028";"1020";1
"1058758";"1036";"1020";1
"1059512";"752";"1021";1
"1060029";"231";"1022";1
"1060155";"357";"1022";1
"1060421";"623";"1022";1
"1060689";"891";"1022";1
"1061843";"1007";"1023";1
"1061852";"1016";"1023";1
"1061865";"1029";"1023";1
"1062405";"531";"1024";1
"1063946";"1034";"1025";1
"1064954";"1004";"1026";1
"1064982";"1032";"1026";1
"1065067";"79";"1027";1
"1067042";"1016";"1028";1
"1067046";"1020";"1028";1
"1067062";"1036";"1028";1
"1069047";"945";"1030";1
"1069117";"1015";"1030";1
"1069135";"1033";"1030";1
"1069140";"1038";"1030";1
"1069241";"101";"1031";1
"1069328";"188";"1031";1
"1069419";"279";"1031";1
"1069684";"544";"1031";1
"1069697";"557";"1031";1
"1069796";"656";"1031";1
"1069870";"730";"1031";1
"1070061";"921";"1031";1
"1070085";"945";"1031";1
"1071182";"1004";"1032";1
"1071204";"1026";"1032";1
"1072156";"940";"1033";1
"1072224";"1008";"1033";1
"1072246";"1030";"1033";1
"1072250";"1034";"1033";1
"1073215";"961";"1034";1
"1073262";"1008";"1034";1
"1073277";"1023";"1034";1
"1073279";"1025";"1034";1
"1073282";"1028";"1034";1
"1073287";"1033";"1034";1
"1073290";"1036";"1034";1
"1074307";"1015";"1035";1
"1074310";"1018";"1035";1
"1075346";"1016";"1036";1
"1075350";"1020";"1036";1
"1075358";"1028";"1036";1
"1075364";"1034";"1036";1
"1075855";"487";"1037";1
"1076015";"647";"1037";1
"1076120";"752";"1037";1
"1076561";"155";"1038";1
"1076881";"475";"1038";1
"1077409";"1003";"1038";1
"1077421";"1015";"1038";1
"1077436";"1030";"1038";1
"1077438";"1032";"1038";1
